:IngredientName,IngredientType,Unit,Recipe,Recipe,Recipe,Recipe,Recipe,Recipe,Recipe,Recipe,Recipe,Recipe,Recipe,Recipe,Recipe,Recipe,Recipe,Recipe,Recipe,Recipe,Recipe,Recipe,Recipe,Recipe,Recipe,Recipe,Recipe,Recipe,Recipe,Recipe,Recipe,Recipe,Recipe,Recipe,Recipe,Recipe,Recipe,Recipe,Recipe,Recipe,Recipe,Recipe,Recipe,Recipe,Recipe,Recipe,Recipe,Recipe,Recipe,Recipe,Recipe,Recipe,Recipe,Recipe,Recipe,Recipe,Recipe,Recipe,Recipe,Recipe,Recipe,Recipe,Recipe,Recipe,Recipe,Recipe,Recipe,Recipe,Recipe,Recipe,Recipe,Recipe,Recipe,Recipe,Recipe,Recipe,Recipe,Recipe,Recipe,Recipe,Recipe,Recipe,Recipe,Recipe,Recipe,Recipe,Recipe,Recipe,Recipe,Recipe,Recipe,Recipe,Recipe,Recipe,Recipe,Recipe,Recipe,Recipe,Recipe,Recipe,Recipe,Recipe,Recipe,Recipe,Recipe,Recipe,Recipe,Recipe,Recipe,Recipe,Recipe,Recipe,Recipe,Recipe,Recipe,Recipe,Recipe,Recipe,Recipe,Recipe,Recipe,Recipe,Recipe,Recipe,Recipe,Recipe,Recipe,Recipe,Recipe,Recipe,Recipe,Recipe,Recipe,Recipe,Recipe,Recipe,Recipe,Recipe,Recipe,Recipe,Recipe,Recipe,Recipe,Recipe,Recipe,Recipe,Recipe,Recipe,Recipe,Recipe,Recipe,Recipe,Recipe,Recipe,Recipe,Recipe,Recipe,Recipe,Recipe,Recipe,Recipe,Recipe,Recipe,Recipe,Recipe,Recipe,Recipe,Recipe,Recipe,Recipe,Recipe,Recipe,Recipe,Recipe,Recipe,Recipe,Recipe,Recipe,Recipe,Recipe,Recipe,Recipe,Recipe,Recipe,Recipe,Recipe,Recipe,Recipe,Recipe,Recipe,Recipe,Recipe,Recipe,Recipe,Recipe,Recipe,Recipe,Recipe,Recipe,Recipe,Recipe,Recipe,Recipe,Recipe,Recipe,Recipe,Recipe,Recipe,Recipe,Recipe,Recipe,Recipe,Recipe,Recipe,Recipe,Recipe,Recipe,Recipe,Recipe,Recipe,Recipe,Recipe
:Names,,LOAD,1,2,3,4,5,6,7,8,9,10,11,12,13,14,15,16,17,18,19,20,21,22,23,24,25,26,27,28,29,30,31,32,33,34,35,36,37,38,39,40,41,42,43,44,45,46,47,48,49,50,491,492,493,494,495,496,497,498,499,500,373,51,52,53,54,55,56,57,58,59,60,61,62,63,64,65,66,67,68,69,70,71,72,73,74,75,76,77,78,79,80,81,82,83,84,85,86,87,88,89,90,91,92,93,94,95,96,97,98,99,100,101,102,103,104,105,106,107,108,109,110,111,112,113,114,115,116,117,118,119,120,121,122,123,124,125,126,127,128,129,130,131,132,133,134,135,136,137,138,139,140,141,142,143,144,145,146,147,148,149,150,151,152,153,154,155,156,157,158,159,160,161,162,163,164,165,166,167,168,169,170,171,172,173,174,175,176,177,178,179,180,181,182,183,184,185,186,187,188,189,190,191,192,193,194,195,196,197,198,199,200,201,202,203,204,205,206,207,208,209
"SEQ_Enable",Discrete,"SEQ_Enable","1","1","1","1","1","1","1","1","1","1","1","1","1","1","1","1","1","1","1","1","1","1","1","1","1","1","1","1","1","1","1","1","1","1","1","1","1","1","1","1","1","1","1","1","1","1","1","1","1","1","0","0","0","0","0","0","0","0","0","0","1","1","1","1","1","1","1","1","1","1","1","1","1","1","1","1","1","1","1","1","1","1","1","1","1","1","1","1","1","1","1","1","1","1","1","1","1","1","1","1","1","1","1","1","1","1","1","1","1","1","1","1","1","1","1","1","1","1","1","1","1","1","1","1","1","1","1","1","1","1","1","1","1","1","1","1","1","1","1","1","1","1","1","1","1","1","1","1","1","1","1","1","1","1","1","1","1","1","1","1","1","1","1","1","1","1","1","1","1","1","1","1","1","1","1","1","1","1","1","1","1","1","1","1","1","0","0","0","0","0","0","0","0","0","0","0","0","0","0","0","0","0","0","0","0","0","0","0","0","0","0","0","0","0","0","0","0","0","0","0"
"SEQ_StepName",Message,"SEQ_StepName","Heating_FAT","PBS_on FAT","PVD2_Ta2O5_FAT","PVD3_SiO2_FO","PVD2_Ta2O5_FAT","PVD3_SiO2_FO","PVD2_Ta2O5_FAT","PVD3_SiO2_FO","PVD2_Ta2O5_FAT","PVD3_SiO2_FO","PVD2_Ta2O5_FAT","PVD3_SiO2_FO","PVD2_Ta2O5_FAT","PVD3_SiO2_FO","PVD2_Ta2O5_FAT","PVD3_SiO2_FO","PVD2_Ta2O5_FAT","PVD3_SiO2_FO","PVD2_Ta2O5_FAT","PVD3_SiO2_FO","PVD2_Ta2O5_FAT","PVD3_SiO2_FO","PVD2_Ta2O5_FAT","PVD3_SiO2_FO","PVD2_Ta2O5_FAT","PVD3_SiO2_FO","PVD2_Ta2O5_FAT","PVD3_SiO2_FO","PVD2_Ta2O5_FAT","PVD3_SiO2_FO","PVD2_Ta2O5_FAT","PVD3_SiO2_FO","PVD2_Ta2O5_FAT","PVD3_SiO2_FO","PVD2_Ta2O5_FAT","PVD3_SiO2_FO","PVD2_Ta2O5_FAT","PVD3_SiO2_FO","PVD2_Ta2O5_FAT","PVD3_SiO2_FO","PVD2_Ta2O5_FAT","PVD3_SiO2_FO","PVD2_Ta2O5_FAT","PVD3_SiO2_FO","PVD2_Ta2O5_FAT","PVD3_SiO2_FO","PVD2_Ta2O5_FAT","PVD3_SiO2_FO","PVD2_Ta2O5_FAT","PVD3_SiO2_FO","---","---","---","---","---","---","---","---","---","---","Heating_KAG","PVD2_Ta2O5_FAT","PVD3_SiO2_FO","PVD2_Ta2O5_FAT","PVD3_SiO2_FO","PVD2_Ta2O5_FAT","PVD3_SiO2_FO","PVD2_Ta2O5_FAT","PVD3_SiO2_FO","PVD2_Ta2O5_FAT","PVD3_SiO2_FO","PVD2_Ta2O5_FAT","PVD3_SiO2_FO","PVD2_Ta2O5_FAT","PVD3_SiO2_FO","PVD2_Ta2O5_FAT","PVD3_SiO2_FO","PVD2_Ta2O5_FAT","PVD3_SiO2_FO","PVD2_Ta2O5_FAT","PVD3_SiO2_FO","PVD2_Ta2O5_FAT","PVD3_SiO2_FO","PVD2_Ta2O5_FAT","PVD3_SiO2_FO","PVD2_Ta2O5_FAT","PVD3_SiO2_FO","PVD2_Ta2O5_FAT","PVD3_SiO2_FO","PVD2_Ta2O5_FAT","PVD3_SiO2_FO","PVD2_Ta2O5_FAT","PVD3_SiO2_FO","PVD2_Ta2O5_FAT","PVD3_SiO2_FO","PVD2_Ta2O5_FAT","PVD3_SiO2_FO","PVD2_Ta2O5_FAT","PVD3_SiO2_FO","PVD2_Ta2O5_FAT","PVD3_SiO2_FO","PVD2_Ta2O5_FAT","PVD3_SiO2_FO","PVD2_Ta2O5_FAT","PVD3_SiO2_FO","PVD2_Ta2O5_FAT","PVD3_SiO2_FO","PVD2_Ta2O5_FAT","PVD3_SiO2_FO","PVD2_Ta2O5_FAT","PVD3_SiO2_FO","PVD2_Ta2O5_FAT","PVD3_SiO2_FO","PVD2_Ta2O5_FAT","PVD3_SiO2_FO","PVD2_Ta2O5_FAT","PVD3_SiO2_FO","PVD2_Ta2O5_FAT","PVD3_SiO2_FO","PVD2_Ta2O5_FAT","PVD3_SiO2_FO","PVD2_Ta2O5_FAT","PVD3_SiO2_FO","PVD2_Ta2O5_FAT","PVD3_SiO2_FO","PVD2_Ta2O5_FAT","PVD3_SiO2_FO","PVD2_Ta2O5_FAT","PVD3_SiO2_FO","PVD2_Ta2O5_FAT","PVD3_SiO2_FO","PVD2_Ta2O5_FAT","PVD3_SiO2_FO","PVD2_Ta2O5_FAT","PVD3_SiO2_FO","PVD2_Ta2O5_FAT","PVD3_SiO2_FO","PVD2_Ta2O5_FAT","PVD3_SiO2_FO","PVD2_Ta2O5_FAT","PVD3_SiO2_FO","PVD2_Ta2O5_FAT","PVD3_SiO2_FO","PVD2_Ta2O5_FAT","PVD3_SiO2_FO","PVD2_Ta2O5_FAT","PVD3_SiO2_FO","PVD2_Ta2O5_FAT","PVD3_SiO2_FO","PVD2_Ta2O5_FAT","PVD3_SiO2_FO","PVD2_Ta2O5_FAT","PVD3_SiO2_FO","PVD2_Ta2O5_FAT","PVD3_SiO2_FO","PVD2_Ta2O5_FAT","PVD3_SiO2_FO","PVD2_Ta2O5_FAT","PVD3_SiO2_FO","PVD2_Ta2O5_FAT","PVD3_SiO2_FO","PVD2_Ta2O5_FAT","PVD3_SiO2_FO","PVD2_Ta2O5_FAT","PVD3_SiO2_FO","PVD2_Ta2O5_FAT","PVD3_SiO2_FO","PVD2_Ta2O5_FAT","PVD3_SiO2_FO","PVD2_Ta2O5_FAT","PVD3_SiO2_FO","PVD2_Ta2O5_FAT","PVD3_SiO2_FO","PVD2_Ta2O5_FAT","PVD3_SiO2_FO","PVD2_Ta2O5_FAT","PVD3_SiO2_FO","PVD2_Ta2O5_FAT","PVD3_SiO2_FO","PVD2_Ta2O5_FAT","PVD3_SiO2_FO","PVD2_Ta2O5_FAT","PVD3_SiO2_FO","PVD2_Ta2O5_FAT","PVD3_SiO2_FO","---","---","---","---","---","---","---","---","---","---","---","---","---","---","---","---","---","---","---","---","---","---","---","---","---","---","---","---","---","---","---","---","---","---","---"
"SEQ_MaxTime",Analog,"SEQ_MaxTime","0","0","118","425","355","0","0","736","0","394","976","1625","255","330","0","465","0","0","0","0","332","347","248","0","0","0","669","0","0","0","0","0","0","0","0","0","0","0","0","0","0","0","0","0","0","0","0","0","0","0","0","0","0","0","0","0","0","0","0","0","0","0","0","0","0","121","366","199","298","356","344","0","0","0","0","0","505","220","0","0","1293","491","0","0","574","273","610","598","0","0","372","676","693","0","0","0","1184","371","674","740","681","480","0","0","0","0","0","0","630","353","1034","0","0","0","0","0","0","0","0","0","0","0","0","0","0","0","0","0","0","346","573","302","0","0","0","0","786","273","714","414","668","0","0","0","0","0","759","446","607","374","855","526","490","466","582","0","0","0","0","0","0","0","0","0","0","0","0","0","0","0","0","0","0","0","0","0","0","0","0","0","0","0","0","0","0","0","0","0","0","0","0","0","0","0","0","0","0","0","0","0","0","0","0","0","0","0","0","0","0","0","0","0","0","0","0","0","0","0","0","0"
"SEQ_StepType",Analog,"SEQ_StepType","1","1","2","3","3","4","4","3","4","3","3","3","3","3","4","3","4","4","4","4","3","3","3","4","4","4","3","4","4","4","4","4","4","4","4","4","4","4","4","4","4","4","4","4","4","4","4","4","4","4","1","1","1","1","1","1","1","1","1","1","1","4","4","4","4","3","3","3","3","3","3","4","4","4","4","4","3","3","4","4","3","3","4","4","3","3","3","3","4","4","3","3","3","4","4","4","3","3","3","3","3","3","4","4","4","4","4","4","3","3","3","4","4","4","4","4","4","4","4","4","4","4","4","4","4","4","4","4","4","3","3","3","4","4","4","4","3","3","3","3","3","4","4","4","4","4","3","3","3","3","3","3","3","3","3","4","4","4","4","4","4","4","4","4","4","4","4","4","4","4","4","4","4","4","4","4","4","4","4","4","4","4","4","4","4","1","1","1","1","1","1","1","1","1","1","1","1","1","1","1","1","1","1","1","1","1","1","1","1","1","1","1","1","1","1","1","1","1","1","1"
"SEQ_StepTime",Analog,"SEQ_StepTime","120","10","0","0","0","0","0","0","0","0","0","0","0","0","0","0","0","0","0","0","0","0","0","0","0","0","0","0","0","0","0","0","0","0","0","0","0","0","0","0","0","0","0","0","0","0","0","0","0","0","0","0","0","0","0","0","0","0","0","0","300","0","0","0","0","0","0","0","0","0","0","0","0","0","0","0","0","0","0","0","0","0","0","0","0","0","0","0","0","0","0","0","0","0","0","0","0","0","0","0","0","0","0","0","0","0","0","0","0","0","0","0","0","0","0","0","0","0","0","0","0","0","0","0","0","0","0","0","0","0","0","0","0","0","0","0","0","0","0","0","0","0","0","0","0","0","0","0","0","0","0","0","0","0","0","0","0","0","0","0","0","0","0","0","0","0","0","0","0","0","0","0","0","0","0","0","0","0","0","0","0","0","0","0","0","0","0","0","0","0","0","0","0","0","0","0","0","0","0","0","0","0","0","0","0","0","0","0","0","0","0","0","0","0","0","0","0","0","0","0"
"SEQ_Rounds",Analog,"SEQ_Rounds","0","0","0","0","0","0","0","0","0","0","0","0","0","0","0","0","0","0","0","0","0","0","0","0","0","0","0","0","0","0","0","0","0","0","0","0","0","0","0","0","0","0","0","0","0","0","0","0","0","0","0","0","0","0","0","0","0","0","0","0","0","0","0","0","0","0","0","0","0","0","0","0","0","0","0","0","0","0","0","0","0","0","0","0","0","0","0","0","0","0","0","0","0","0","0","0","0","0","0","0","0","0","0","0","0","0","0","0","0","0","0","0","0","0","0","0","0","0","0","0","0","0","0","0","0","0","0","0","0","0","0","0","0","0","0","0","0","0","0","0","0","0","0","0","0","0","0","0","0","0","0","0","0","0","0","0","0","0","0","0","0","0","0","0","0","0","0","0","0","0","0","0","0","0","0","0","0","0","0","0","0","0","0","0","0","0","0","0","0","0","0","0","0","0","0","0","0","0","0","0","0","0","0","0","0","0","0","0","0","0","0","0","0","0","0","0","0","0","0","0"
"SEQ_Values",Analog,"SEQ_Values","0","0","1","1","1","1","1","1","1","1","1","1","1","1","3","1","3","6","3","6","1","1","1","6","5","6","1","6","6","6","6","6","6","6","6","6","6","6","6","6","6","6","6","6","6","6","6","6","6","6","0","0","0","0","0","0","0","0","0","0","0","6","6","6","6","1","1","1","1","1","1","6","6","6","6","6","1","1","6","6","1","1","6","6","1","1","1","1","6","6","1","1","1","6","6","6","1","1","1","1","1","1","6","6","6","6","6","6","1","1","1","6","6","6","6","6","6","6","6","6","6","6","6","6","6","6","6","6","6","1","1","1","6","6","6","6","1","1","1","1","1","6","6","6","6","6","1","1","1","1","1","1","1","1","1","6","6","6","6","6","6","6","6","6","6","6","6","6","6","6","6","6","6","6","6","6","6","6","6","6","6","6","6","6","6","0","0","0","0","0","0","0","0","0","0","0","0","0","0","0","0","0","0","0","0","0","0","0","0","0","0","0","0","0","0","0","0","0","0","0"
"SEQ_QWOT",Analog,"SEQ_QWOT","0","0","0.4415344","0.9091572","1.383707","0.6647809","0.8453902","1.575867","0.4397053","0.7391487","3.168879","3.050248","0.8280665","0.6192311","1.127082","0.8728974","0.3604362","1.68407","0.8045412","0.49615","1.078754","0.6525579","0.80518","1.01621","0.4998843","0.8179412","2.173581","0.2836089","1.025103","0.8324344","0.556941","1.040635","0.7281109","0.5709698","1.661349","0.5219728","0.8106088","1.554662","0.4115317","0.8139685","2.988235","2.739198","2.852406","3.020159","2.720729","2.98411","3.216675","2.757591","2.651856","2.831601","0","0","0","0","0","0","0","0","0","0","0","2.888386","2.677989","2.293869","2.321988","0.42202","0.7342468","0.693278","0.596703","1.238525","0.6898373","0.2545319","0.844","1.8851","1.4984","0.6359","0.7912","0.5954","0.525","0.8388","2.0258","1.3256","0.6728","0.5006","0.9006","0.7383","0.9563","1.6146","1.9801","1.3494","0.5835","1.8262","1.0868","1.7736","1.2133","1.0615","1.8558","1.0028","1.0562","1.9976","1.0673","1.2966","1.1866","1.804","0.8981","1.2016","0.4712","0.2162","0.988","0.9538","1.6197","0.7127","0.5646","0.5321","0.698","0.9266","0.9096","0.3804","0.9927","0.7652","0.6765","1.4828","0.832","0.7509","0.9255","0.6842","0.7808","0.8178","1.3815","0.6967198","0.6713504","0.6078162","0.4855757","0.5142958","0.6694683","0.7387314","0.9203812","0.5497122","0.8366059","0.8340984","0.782852","0.7050957","0.8804445","0.938303","0.6891613","0.7540323","0.8894877","0.898138","0.7112412","0.7535707","1.001448","1.058534","0.5736202","0.938303","0.6815871","0.5466784","0.487366","0.3842379","0.4940221","0.4758456","0.4538558","0.5516908","0.2310823","0.4362743","0.5673313","0.4098274","0.5271191","0.5586817","0.4156635","0.5054582","0.5690297","0.4996544","0.8211362","0.714395","0.6082779","0.6361756","0.5731611","0.4939825","0.47107","0.4831004","0.5173415","0.4329767","0.4728602","0.6320866","1.530954","0","0","0","0","0","0","0","0","0","0","0","0","0","0","0","0","0","0","0","0","0","0","0","0","0","0","0","0","0","0","0","0","0","0","0"
"SEQ_Wavelength",Analog,"SEQ_Wavelength","400","400","700","700","670","700","700","700","700","797.4","797.4","797.4","797.4","797.4","797.4","797.4","797.4","797.4","797.4","797.4","797.4","797.4","797.4","797.4","797.4","797.4","797.4","797.4","797.4","797.4","797.4","797.4","797.4","797.4","797.4","797.4","797.4","797.4","797.4","797.4","797.4","797.4","797.4","797.4","797.4","797.4","797.4","797.4","797.4","797.4","500","500","500","500","500","500","500","500","500","500","500","797.4","797.4","797.4","797.4","747.9","747.9","747.9","747.9","747.9","747.9","747.9","954","954","954","954","954","954","954","954","954","954","954","954","954","954","954","954","954","954","954","954","954","954","954","954","954","954","954","954","954","954","954","954","954","954","954","954","954","954","954","954","954","954","954","954","954","954","954","954","954","954","954","954","954","954","954","954","954","1272.8","1272.8","1272.8","1272.8","1272.8","1272.8","1272.8","1272.8","1272.8","1272.8","1272.8","1272.8","1272.8","1272.8","1272.8","1272.8","1272.8","1272.8","1272.8","1272.8","1272.8","1272.8","1272.8","1272.8","1272.8","1272.8","1272.8","1272.8","1272.8","1272.8","1272.8","1272.8","1272.8","1272.8","1272.8","1272.8","1272.8","1272.8","1272.8","1272.8","1272.8","1272.8","1272.8","1272.8","1272.8","1272.8","1272.8","1272.8","1272.8","1272.8","1272.8","1272.8","1272.8","1272.8","1272.8","1272.8","500","500","500","500","500","500","500","500","500","500","500","500","500","500","500","500","500","500","500","500","500","500","500","500","500","500","500","500","500","500","500","500","500","500","500"
"SEQ_BBM_LayerNo",Analog,"SEQ_BBM_LayerNo","0","0","1","2","3","4","5","6","7","8","9","10","11","12","13","14","15","16","17","18","19","20","21","22","23","24","25","26","27","28","29","30","31","32","33","34","35","36","37","38","39","40","41","42","43","44","45","46","47","48","1","1","1","1","1","1","1","1","1","1","1","49","50","51","52","53","54","55","56","57","58","59","60","61","62","63","64","65","66","67","68","69","70","71","72","73","74","75","76","77","78","79","80","81","82","83","84","85","86","87","88","89","90","91","92","93","94","95","96","97","98","99","100","101","102","103","104","105","106","107","108","109","110","111","112","113","114","115","116","117","118","119","120","121","122","123","124","125","126","127","128","129","130","131","132","133","134","135","136","137","138","139","140","141","142","143","144","145","146","147","148","149","150","151","152","153","154","155","156","157","158","159","160","161","162","163","164","165","166","167","168","169","170","171","172","0","0","0","0","0","0","0","0","0","0","0","0","0","0","0","0","0","0","0","0","0","0","0","0","0","0","0","0","0","0","0","0","0","0","0"
"SEQ_Testslide",Analog,"SEQ_Testslide","1","1","1","1","1","1","1","1","1","1","1","1","1","1","1","1","1","1","1","1","1","1","1","1","1","1","1","1","1","1","1","1","1","1","1","1","1","1","1","1","1","1","1","1","1","1","1","1","1","1","1","1","1","1","1","1","1","1","1","1","1","1","1","1","1","2","2","2","2","2","2","2","2","2","2","2","2","2","2","2","2","2","2","2","2","2","2","2","2","2","2","2","2","2","2","2","2","2","2","2","2","2","2","2","2","2","2","2","2","2","2","2","2","2","2","2","2","2","2","2","2","2","2","2","2","2","2","2","2","3","3","3","3","3","3","3","3","3","3","3","3","3","3","3","3","3","3","3","3","3","3","3","3","3","3","3","3","3","3","3","3","3","3","3","3","3","3","3","3","3","3","3","3","3","3","3","3","3","3","3","3","3","3","3","3","1","1","1","1","1","1","1","1","1","1","1","1","1","1","1","1","1","1","1","1","1","1","1","1","1","1","1","1","1","1","1","1","1","1","1"
"SEQ_MaterialID",Message,"SEQ_MaterialID","----","----","Ta2O5_HP v02","SiO2_HP v02","Ta2O5_HP v02","SiO2_HP v02","Ta2O5_HP v02","SiO2_HP v02","Ta2O5_HP v02","SiO2_HP v02","Ta2O5_HP v02","SiO2_HP v02","Ta2O5_HP v02","SiO2_HP v02","Ta2O5_HP v02","SiO2_HP v02","Ta2O5_HP v02","SiO2_HP v02","Ta2O5_HP v02","SiO2_HP v02","Ta2O5_HP v02","SiO2_HP v02","Ta2O5_HP v02","SiO2_HP v02","Ta2O5_HP v02","SiO2_HP v02","Ta2O5_HP v02","SiO2_HP v02","Ta2O5_HP v02","SiO2_HP v02","Ta2O5_HP v02","SiO2_HP v02","Ta2O5_HP v02","SiO2_HP v02","Ta2O5_HP v02","SiO2_HP v02","Ta2O5_HP v02","SiO2_HP v02","Ta2O5_HP v02","SiO2_HP v02","Ta2O5_HP v02","SiO2_HP v02","Ta2O5_HP v02","SiO2_HP v02","Ta2O5_HP v02","SiO2_HP v02","Ta2O5_HP v02","SiO2_HP v02","Ta2O5_HP v02","SiO2_HP v02","----","----","----","----","----","----","----","----","----","----","----","Ta2O5_HP v02","SiO2_HP v02","Ta2O5_HP v02","SiO2_HP v02","Ta2O5_HP v02","SiO2_HP v02","Ta2O5_HP v02","SiO2_HP v02","Ta2O5_HP v02","SiO2_HP v02","Ta2O5_HP v02","SiO2_HP v02","Ta2O5_HP v02","SiO2_HP v02","Ta2O5_HP v02","SiO2_HP v02","Ta2O5_HP v02","SiO2_HP v02","Ta2O5_HP v02","SiO2_HP v02","Ta2O5_HP v02","SiO2_HP v02","Ta2O5_HP v02","SiO2_HP v02","Ta2O5_HP v02","SiO2_HP v02","Ta2O5_HP v02","SiO2_HP v02","Ta2O5_HP v02","SiO2_HP v02","Ta2O5_HP v02","SiO2_HP v02","Ta2O5_HP v02","SiO2_HP v02","Ta2O5_HP v02","SiO2_HP v02","Ta2O5_HP v02","SiO2_HP v02","Ta2O5_HP v02","SiO2_HP v02","Ta2O5_HP v02","SiO2_HP v02","Ta2O5_HP v02","SiO2_HP v02","Ta2O5_HP v02","SiO2_HP v02","Ta2O5_HP v02","SiO2_HP v02","Ta2O5_HP v02","SiO2_HP v02","Ta2O5_HP v02","SiO2_HP v02","Ta2O5_HP v02","SiO2_HP v02","Ta2O5_HP v02","SiO2_HP v02","Ta2O5_HP v02","SiO2_HP v02","Ta2O5_HP v02","SiO2_HP v02","Ta2O5_HP v02","SiO2_HP v02","Ta2O5_HP v02","SiO2_HP v02","Ta2O5_HP v02","SiO2_HP v02","Ta2O5_HP v02","SiO2_HP v02","Ta2O5_HP v02","SiO2_HP v02","Ta2O5_HP v02","SiO2_HP v02","Ta2O5_HP v02","SiO2_HP v02","Ta2O5_HP v02","SiO2_HP v02","Ta2O5_HP v02","SiO2_HP v02","Ta2O5_HP v02","SiO2_HP v02","Ta2O5_HP v02","SiO2_HP v02","Ta2O5_HP v02","SiO2_HP v02","Ta2O5_HP v02","SiO2_HP v02","Ta2O5_HP v02","SiO2_HP v02","Ta2O5_HP v02","SiO2_HP v02","Ta2O5_HP v02","SiO2_HP v02","Ta2O5_HP v02","SiO2_HP v02","Ta2O5_HP v02","SiO2_HP v02","Ta2O5_HP v02","SiO2_HP v02","Ta2O5_HP v02","SiO2_HP v02","Ta2O5_HP v02","SiO2_HP v02","Ta2O5_HP v02","SiO2_HP v02","Ta2O5_HP v02","SiO2_HP v02","Ta2O5_HP v02","SiO2_HP v02","Ta2O5_HP v02","SiO2_HP v02","Ta2O5_HP v02","SiO2_HP v02","Ta2O5_HP v02","SiO2_HP v02","Ta2O5_HP v02","SiO2_HP v02","Ta2O5_HP v02","SiO2_HP v02","Ta2O5_HP v02","SiO2_HP v02","Ta2O5_HP v02","SiO2_HP v02","Ta2O5_HP v02","SiO2_HP v02","----","----","----","----","----","----","----","----","----","----","----","----","----","----","----","----","----","----","----","----","----","----","----","----","----","----","----","----","----","----","----","----","----","----","----"
"SEQ_RefractiveIndex",Analog,"SEQ_RefractiveIndex","2.3","2.3","2.133883","1.467577","2.138732","1.467577","2.133883","1.467577","2.133883","1.46662","2.122071","1.46662","2.122071","1.46662","2.122071","1.46662","2.122071","1.46662","2.122071","1.46662","2.122071","1.46662","2.122071","1.46662","2.122071","1.46662","2.122071","1.46662","2.122071","1.46662","2.122071","1.46662","2.122071","1.46662","2.122071","1.46662","2.122071","1.46662","2.122071","1.46662","2.122071","1.46662","2.122071","1.46662","2.122071","1.46662","2.122071","1.46662","2.122071","1.46662","2","2","2","2","2","2","2","2","2","2","2.3","2.122071","1.46662","2.122071","1.46662","2.127441","1.467029","2.127441","1.467029","2.127441","1.467029","2.127441","1.46492","2.110591","1.46492","2.110591","1.46492","2.110591","1.46492","2.110591","1.46492","2.110591","1.46492","2.110591","1.46492","2.110591","1.46492","2.110591","1.46492","2.110591","1.46492","2.110591","1.46492","2.110591","1.46492","2.110591","1.46492","2.110591","1.46492","2.110591","1.46492","2.110591","1.46492","2.110591","1.46492","2.110591","1.46492","2.110591","1.46492","2.110591","1.46492","2.110591","1.46492","2.110591","1.46492","2.110591","1.46492","2.110591","1.46492","2.110591","1.46492","2.110591","1.46492","2.110591","1.46492","2.110591","1.46492","2.110591","1.46492","2.098611","1.460678","2.098611","1.460678","2.098611","1.460678","2.098611","1.460678","2.098611","1.460678","2.098611","1.460678","2.098611","1.460678","2.098611","1.460678","2.098611","1.460678","2.098611","1.460678","2.098611","1.460678","2.098611","1.460678","2.098611","1.460678","2.098611","1.460678","2.098611","1.460678","2.098611","1.460678","2.098611","1.460678","2.098611","1.460678","2.098611","1.460678","2.098611","1.460678","2.098611","1.460678","2.098611","1.460678","2.098611","1.460678","2.098611","1.460678","2.098611","1.460678","2.098611","1.460678","2.098611","1.460678","2.098611","1.460678","2","2","2","2","2","2","2","2","2","2","2","2","2","2","2","2","2","2","2","2","2","2","2","2","2","2","2","2","2","2","2","2","2","2","2"
"SEQ_SettlingTime",Analog,"SEQ_SettlingTime","0","0","0","0","0","0","0","0","0","0","0","0","0","0","0","0","0","0","0","0","0","0","0","0","0","0","0","0","0","0","0","0","0","0","0","0","0","0","0","0","0","0","0","0","0","0","0","0","0","0","0","0","0","0","0","0","0","0","0","0","0","0","0","0","0","0","0","0","0","0","0","0","0","0","0","0","0","0","0","0","0","0","0","0","0","0","0","0","0","0","0","0","0","0","0","0","0","0","0","0","0","0","0","0","0","0","0","0","0","0","0","0","0","0","0","0","0","0","0","0","0","0","0","0","0","0","0","0","0","0","0","0","0","0","0","0","0","0","0","0","0","0","0","0","0","0","0","0","0","0","0","0","0","0","0","0","0","0","0","0","0","0","0","0","0","0","0","0","0","0","0","0","0","0","0","0","0","0","0","0","0","0","0","0","0","0","0","0","0","0","0","0","0","0","0","0","0","0","0","0","0","0","0","0","0","0","0","0","0","0","0","0","0","0","0","0","0","0","0","0"
"SEQ_GSA",Analog,"SEQ_GSA","3","3","1","1","1","1","1","1","1","1","1","1","1","1","1","1","1","1","1","1","1","1","1","1","1","1","1","1","1","1","1","1","1","1","1","1","1","1","1","1","1","1","1","1","1","1","1","1","1","1","1","1","1","1","1","1","1","1","1","1","3","1","1","1","1","1","1","1","1","1","1","1","1","1","1","1","1","1","1","1","1","1","1","1","1","1","1","1","1","1","1","1","1","1","1","1","1","1","1","1","1","1","1","1","1","1","1","1","1","1","1","1","1","1","1","1","1","1","1","1","1","1","1","1","1","1","1","1","1","1","1","1","1","1","1","1","1","1","1","1","1","1","1","1","1","1","1","1","1","1","1","1","1","1","1","1","1","1","1","1","1","1","1","1","1","1","1","1","1","1","1","1","1","1","1","1","1","1","1","1","1","1","1","1","1","1","1","1","1","1","1","1","1","1","1","1","1","1","1","1","1","1","1","1","1","1","1","1","1","1","1","1","1","1","1","1","1","1","1","1"
"SEQ_TriggerFunction",Analog,"SEQ_TriggerFunction","3","3","1","1","3","3","3","3","3","1","3","3","1","1","3","1","3","3","3","3","3","3","3","3","3","3","3","3","3","3","3","3","3","3","3","3","3","3","3","3","3","3","3","3","3","3","3","3","3","3","3","3","3","3","3","3","3","3","3","3","3","3","3","3","3","1","1","1","1","1","1","1","1","3","3","3","1","1","3","3","3","3","3","3","1","1","1","3","3","3","1","3","3","3","3","3","3","1","1","3","1","1","3","3","3","3","3","3","1","1","3","3","3","3","3","3","3","3","3","3","3","3","3","3","3","3","3","3","3","1","1","1","3","3","3","3","1","1","1","1","1","3","3","3","3","3","1","3","3","3","3","3","3","3","3","3","3","3","3","3","3","3","3","3","3","3","3","3","3","3","3","3","3","3","3","3","3","3","3","3","3","3","3","3","3","3","3","3","3","3","3","3","3","3","3","3","3","3","3","3","3","3","3","3","3","3","3","3","3","3","3","3","3","3","3","3","3","3","3","3"
"SEQ_Slits",Analog,"SEQ_Slits","0.5","0.5","0.5","0.5","0.5","0.5","0.5","0.5","0.5","0.5","0.5","0.5","0.5","0.5","0.5","0.5","0.5","0.5","0.5","0.5","0.5","0.5","0.5","0.5","0.5","0.5","0.5","0.5","0.5","0.5","0.5","0.5","0.5","0.5","0.5","0.5","0.5","0.5","0.5","0.5","0.5","0.5","0.5","0.5","0.5","0.5","0.5","0.5","0.5","0.5","0.5","0.5","0.5","0.5","0.5","0.5","0.5","0.5","0.5","0.5","0.5","0.5","0.5","0.5","0.5","0.5","0.5","0.5","0.5","0.5","0.5","0.5","0.5","0.5","0.5","0.5","0.5","0.5","0.5","0.5","0.5","0.5","0.5","0.5","0.5","0.5","0.5","0.5","0.5","0.5","0.5","0.5","0.5","0.5","0.5","0.5","0.5","0.5","0.5","0.5","0.5","0.5","0.5","0.5","0.5","0.5","0.5","0.5","0.5","0.5","0.5","0.5","0.5","0.5","0.5","0.5","0.5","0.5","0.5","0.5","0.5","0.5","0.5","0.5","0.5","0.5","0.5","0.5","0.5","0.5","0.5","0.5","0.5","0.5","0.5","0.5","0.5","0.5","0.5","0.5","0.5","0.5","0.5","0.5","0.5","0.5","0.5","0.5","0.5","0.5","0.5","0.5","0.5","0.5","0.5","0.5","0.5","0.5","0.5","0.5","0.5","0.5","0.5","0.5","0.5","0.5","0.5","0.5","0.5","0.5","0.5","0.5","0.5","0.5","0.5","0.5","0.5","0.5","0.5","0.5","0.5","0.5","0.5","0.5","0.5","0.5","0.5","0.5","0.5","0.5","0.5","0.5","0.5","0.5","0.5","0.5","0.5","0.5","0.5","0.5","0.5","0.5","0.5","0.5","0.5","0.5","0.5","0.5","0.5","0.5","0.5","0.5","0.5","0.5","0.5","0.5","0.5","0.5","0.5","0.5"
"SEQ_Rate",Analog,"SEQ_Rate","0.5","0.5","0.61","0.51","0.61","0.51","0.61","0.51","0.61","0.51","0.61","0.51","0.61","0.51","0.61","0.51","0.61","0.51","0.61","0.51","0.61","0.51","0.61","0.51","0.61","0.51","0.61","0.51","0.61","0.51","0.61","0.51","0.61","0.51","0.61","0.51","0.61","0.51","0.61","0.51","0.61","0.51","0.61","0.51","0.61","0.51","0.61","0.51","0.61","0.51","0","0","0","0","0","0","0","0","0","0","0.5","0.61","0.51","0.61","0.51","0.61","0.51","0.61","0.51","0.61","0.51","0.61","0.51","0.61","0.51","0.61","0.51","0.61","0.51","0.61","0.51","0.61","0.51","0.61","0.51","0.61","0.51","0.61","0.51","0.61","0.51","0.61","0.51","0.61","0.51","0.61","0.51","0.61","0.51","0.61","0.51","0.61","0.51","0.61","0.51","0.61","0.51","0.61","0.51","0.61","0.51","0.61","0.51","0.61","0.51","0.61","0.51","0.61","0.51","0.61","0.51","0.61","0.51","0.61","0.51","0.61","0.51","0.61","0.51","0.61","0.51","0.61","0.51","0.61","0.51","0.61","0.51","0.61","0.51","0.61","0.51","0.61","0.51","0.61","0.51","0.61","0.51","0.61","0.51","0.61","0.51","0.61","0.51","0.61","0.51","0.61","0.51","0.61","0.51","0.61","0.51","0.61","0.51","0.61","0.51","0.61","0.51","0.61","0.51","0.61","0.51","0.61","0.51","0.61","0.51","0.61","0.51","0.61","0.51","0.61","0.51","0.61","0.51","0.61","0.51","0","0","0","0","0","0","0","0","0","0","0","0","0","0","0","0","0","0","0","0","0","0","0","0","0","0","0","0","0","0","0","0","0","0","0"
"SEQ_RateReference",Analog,"SEQ_RateReference","1","1","0","1","1","0","0","1","0","1","1","1","1","1","0","1","0","0","0","0","1","1","1","0","0","0","1","0","0","0","0","0","0","0","0","0","0","0","0","0","0","0","0","0","0","0","0","0","0","0","1","1","1","1","1","1","1","1","1","1","1","0","0","0","0","1","1","1","1","1","1","0","0","0","0","0","1","1","0","0","1","1","0","0","1","1","1","1","0","0","1","1","1","0","0","0","1","1","1","1","1","1","0","0","0","0","0","0","1","1","1","0","0","0","0","0","0","0","0","0","0","0","0","0","0","0","0","0","0","0","1","1","0","0","0","0","1","1","1","1","1","0","0","0","0","0","1","1","1","1","1","1","1","1","1","0","0","0","0","0","0","0","0","0","0","0","0","0","0","0","0","0","0","0","0","0","0","0","0","0","0","0","0","0","0","1","1","1","1","1","1","1","1","1","1","1","1","1","1","1","1","1","1","1","1","1","1","1","1","1","1","1","1","1","1","1","1","1","1","1"
