:IngredientName,IngredientType,Unit,Unit,Recipe
:Names,,EDIT,TEST,default
EDIT_LAYER_NAME,Message,EDIT_LAYER_NAME,TEST_LAYERNAME,---
EDIT_LAYER_ReadOnly,Analog,EDIT_LAYER_ReadOnly,TEST_LAYER_ReadOnly,0
EDIT_PRE_HtPrSl,Analog,EDIT_PRE_HtPrSl,,0
EDIT_PRE_HtCtrlMode,Analog,EDIT_PRE_HtCtrlMode,,0
EDIT_PRE_HtPwrRatio,Analog,EDIT_PRE_HtPwrRatio,,0
EDIT_PRE_HtPwrRatioCirc1,Analog,EDIT_PRE_HtPwrRatioCirc1,,0
EDIT_PRE_HtPwrRatioCirc2,Analog,EDIT_PRE_HtPwrRatioCirc2,,0
EDIT_PRE_Ht1PwrRatio,Analog,EDIT_PRE_Ht1PwrRatio,,0
EDIT_PRE_Ht1PwrRatioCirc1,Analog,EDIT_PRE_Ht1PwrRatioCirc1,,0
EDIT_PRE_Ht1PwrRatioCirc2,Analog,EDIT_PRE_Ht1PwrRatioCirc2,,0
EDIT_PRE_Ht1PwrRatioCirc3,Analog,EDIT_PRE_Ht1PwrRatioCirc3,,0
EDIT_PRE_Ht2PwrRatio,Analog,EDIT_PRE_Ht2PwrRatio,,0
EDIT_PRE_Ht2PwrRatioCirc1,Analog,EDIT_PRE_Ht2PwrRatioCirc1,,0
EDIT_PRE_Ht2PwrRatioCirc2,Analog,EDIT_PRE_Ht2PwrRatioCirc2,,0
EDIT_PRE_Ht2PwrRatioCirc3,Analog,EDIT_PRE_Ht2PwrRatioCirc3,,0
EDIT_PRE_Ht_StVal,Analog,EDIT_PRE_Ht_StVal,,0
EDIT_PRE_Ht_EnVal,Analog,EDIT_PRE_Ht_EnVal,,0
EDIT_PRE_Ht_RTp,Analog,EDIT_PRE_Ht_RTp,,0
EDIT_PRE_Ht_RT,Analog,EDIT_PRE_Ht_RT,,0
EDIT_PRE_Ht_RR,Analog,EDIT_PRE_Ht_RR,,0
EDIT_PRE_Ht_HT,Analog,EDIT_PRE_Ht_HT,,0
EDIT_PRE_Ht_HR,Analog,EDIT_PRE_Ht_HR,,0
EDIT_PRE_ProcHtSync,Analog,EDIT_PRE_ProcHtSync,,0
EDIT_PRE_SubstTemp,Analog,EDIT_PRE_SubstTemp,,0
EDIT_PRE_SubstTempToolNonStatic,Analog,EDIT_PRE_SubstTempToolNonStatic,,1
EDIT_PRE_OMS_MeasMode,Analog,EDIT_PRE_OMS_MeasMode,,0
EDIT_PRE_OMS_CompTimeShutterDel,Analog,EDIT_PRE_OMS_CompTimeShutterDel,,0
EDIT_PRE_PhsHT,Analog,EDIT_PRE_PhsHT,,0
EDIT_PRE_ProcStartPressPrSl,Analog,EDIT_PRE_ProcStartPressPrSl,,0
EDIT_PRE_ProcStartPress_Mant,Analog,EDIT_PRE_ProcStartPress_Mant,,1
EDIT_PRE_ProcStartPress_Exp,Analog,EDIT_PRE_ProcStartPress_Exp,,-4
EDIT_PRE_PVD_CathNo,Analog,EDIT_PRE_PVD_CathNo,,0
EDIT_PRE_MDrvPrSl,Analog,EDIT_PRE_MDrvPrSl,,0
EDIT_PRE_MDrvVelo,Analog,EDIT_PRE_MDrvVelo,,0
EDIT_PRE_LeakTestPrSl,Analog,EDIT_PRE_LeakTestPrSl,,1
EDIT_PRE_LeakTestTime,Analog,EDIT_PRE_LeakTestTime,,0
EDIT_PRE_LeakTestOnDT,Analog,EDIT_PRE_LeakTestOnDT,,0
EDIT_PRE_PBS_Gas1_StVal,Analog,EDIT_PRE_PBS_Gas1_StVal,,0
EDIT_PRE_PBS_Gas1_EnVal,Analog,EDIT_PRE_PBS_Gas1_EnVal,,0
EDIT_PRE_PBS_Gas1_RTp,Analog,EDIT_PRE_PBS_Gas1_RTp,,0
EDIT_PRE_PBS_Gas1_RT,Analog,EDIT_PRE_PBS_Gas1_RT,,0
EDIT_PRE_PBS_Gas1_RR,Analog,EDIT_PRE_PBS_Gas1_RR,,0
EDIT_PRE_PBS_Gas1_HT,Analog,EDIT_PRE_PBS_Gas1_HT,,0
EDIT_PRE_PBS_Gas1_HR,Analog,EDIT_PRE_PBS_Gas1_HR,,0
EDIT_PRE_PBS_Gas2_StVal,Analog,EDIT_PRE_PBS_Gas2_StVal,,0
EDIT_PRE_PBS_Gas2_EnVal,Analog,EDIT_PRE_PBS_Gas2_EnVal,,0
EDIT_PRE_PBS_Gas2_RTp,Analog,EDIT_PRE_PBS_Gas2_RTp,,0
EDIT_PRE_PBS_Gas2_RT,Analog,EDIT_PRE_PBS_Gas2_RT,,0
EDIT_PRE_PBS_Gas2_RR,Analog,EDIT_PRE_PBS_Gas2_RR,,0
EDIT_PRE_PBS_Gas2_HT,Analog,EDIT_PRE_PBS_Gas2_HT,,0
EDIT_PRE_PBS_Gas2_HR,Analog,EDIT_PRE_PBS_Gas2_HR,,0
EDIT_PRE_PBS_Gas3_StVal,Analog,EDIT_PRE_PBS_Gas3_StVal,,0
EDIT_PRE_PBS_Gas3_EnVal,Analog,EDIT_PRE_PBS_Gas3_EnVal,,0
EDIT_PRE_PBS_Gas3_RTp,Analog,EDIT_PRE_PBS_Gas3_RTp,,0
EDIT_PRE_PBS_Gas3_RT,Analog,EDIT_PRE_PBS_Gas3_RT,,0
EDIT_PRE_PBS_Gas3_RR,Analog,EDIT_PRE_PBS_Gas3_RR,,0
EDIT_PRE_PBS_Gas3_HT,Analog,EDIT_PRE_PBS_Gas3_HT,,0
EDIT_PRE_PBS_Gas3_HR,Analog,EDIT_PRE_PBS_Gas3_HR,,0
EDIT_PRE_PBS_Gas4_StVal,Analog,EDIT_PRE_PBS_Gas4_StVal,,0
EDIT_PRE_PBS_Gas4_EnVal,Analog,EDIT_PRE_PBS_Gas4_EnVal,,0
EDIT_PRE_PBS_Gas4_RTp,Analog,EDIT_PRE_PBS_Gas4_RTp,,0
EDIT_PRE_PBS_Gas4_RT,Analog,EDIT_PRE_PBS_Gas4_RT,,0
EDIT_PRE_PBS_Gas4_RR,Analog,EDIT_PRE_PBS_Gas4_RR,,0
EDIT_PRE_PBS_Gas4_HT,Analog,EDIT_PRE_PBS_Gas4_HT,,0
EDIT_PRE_PBS_Gas4_HR,Analog,EDIT_PRE_PBS_Gas4_HR,,0
EDIT_PRE_PBS_Sply_StVal,Analog,EDIT_PRE_PBS_Sply_StVal,,0
EDIT_PRE_PBS_Sply_EnVal,Analog,EDIT_PRE_PBS_Sply_EnVal,,0
EDIT_PRE_PBS_Sply_RTp,Analog,EDIT_PRE_PBS_Sply_RTp,,0
EDIT_PRE_PBS_Sply_RT,Analog,EDIT_PRE_PBS_Sply_RT,,0
EDIT_PRE_PBS_Sply_RR,Analog,EDIT_PRE_PBS_Sply_RR,,0
EDIT_PRE_PBS_Sply_HT,Analog,EDIT_PRE_PBS_Sply_HT,,0
EDIT_PRE_PBS_Sply_HR,Analog,EDIT_PRE_PBS_Sply_HR,,0
EDIT_PRE_PBS_MBoxPosC1,Analog,EDIT_PRE_PBS_MBoxPosC1,,0
EDIT_PRE_PBS_MBoxPosC2,Analog,EDIT_PRE_PBS_MBoxPosC2,,0
EDIT_PRE_PBS_MBoxPosC3,Analog,EDIT_PRE_PBS_MBoxPosC3,,0
EDIT_PRE_PBS_PlasPrSl,Analog,EDIT_PRE_PBS_PlasPrSl,,0
EDIT_PRE_PBS_PSTngPrSl,Analog,EDIT_PRE_PBS_PSTngPrSl,,1
EDIT_PRE_PVD1_LS_StVal,Analog,EDIT_PRE_PVD1_LS_StVal,,0
EDIT_PRE_PVD1_LS_EnVal,Analog,EDIT_PRE_PVD1_LS_EnVal,,0
EDIT_PRE_PVD1_LS_RTp,Analog,EDIT_PRE_PVD1_LS_RTp,,0
EDIT_PRE_PVD1_LS_RT,Analog,EDIT_PRE_PVD1_LS_RT,,0
EDIT_PRE_PVD1_LS_RR,Analog,EDIT_PRE_PVD1_LS_RR,,0
EDIT_PRE_PVD1_LS_HT,Analog,EDIT_PRE_PVD1_LS_HT,,0
EDIT_PRE_PVD1_LS_HR,Analog,EDIT_PRE_PVD1_LS_HR,,0
EDIT_PRE_PVD1_LSVoltCtrlrOn,Analog,EDIT_PRE_PVD1_LSVoltCtrlrOn,,0
EDIT_PRE_PVD1_LSCCtrlLoopMode,Analog,EDIT_PRE_PVD1_LSCCtrlLoopMode,,1
EDIT_PRE_PVD1_Gas1_StVal,Analog,EDIT_PRE_PVD1_Gas1_StVal,,0
EDIT_PRE_PVD1_Gas1_EnVal,Analog,EDIT_PRE_PVD1_Gas1_EnVal,,0
EDIT_PRE_PVD1_Gas1_RTp,Analog,EDIT_PRE_PVD1_Gas1_RTp,,0
EDIT_PRE_PVD1_Gas1_RT,Analog,EDIT_PRE_PVD1_Gas1_RT,,0
EDIT_PRE_PVD1_Gas1_RR,Analog,EDIT_PRE_PVD1_Gas1_RR,,0
EDIT_PRE_PVD1_Gas1_HT,Analog,EDIT_PRE_PVD1_Gas1_HT,,0
EDIT_PRE_PVD1_Gas1_HR,Analog,EDIT_PRE_PVD1_Gas1_HR,,0
EDIT_PRE_PVD1_Gas2_StVal,Analog,EDIT_PRE_PVD1_Gas2_StVal,,0
EDIT_PRE_PVD1_Gas2_EnVal,Analog,EDIT_PRE_PVD1_Gas2_EnVal,,0
EDIT_PRE_PVD1_Gas2_RTp,Analog,EDIT_PRE_PVD1_Gas2_RTp,,0
EDIT_PRE_PVD1_Gas2_RT,Analog,EDIT_PRE_PVD1_Gas2_RT,,0
EDIT_PRE_PVD1_Gas2_RR,Analog,EDIT_PRE_PVD1_Gas2_RR,,0
EDIT_PRE_PVD1_Gas2_HT,Analog,EDIT_PRE_PVD1_Gas2_HT,,0
EDIT_PRE_PVD1_Gas2_HR,Analog,EDIT_PRE_PVD1_Gas2_HR,,0
EDIT_PRE_PVD1_Gas3_StVal,Analog,EDIT_PRE_PVD1_Gas3_StVal,,0
EDIT_PRE_PVD1_Gas3_EnVal,Analog,EDIT_PRE_PVD1_Gas3_EnVal,,0
EDIT_PRE_PVD1_Gas3_RTp,Analog,EDIT_PRE_PVD1_Gas3_RTp,,0
EDIT_PRE_PVD1_Gas3_RT,Analog,EDIT_PRE_PVD1_Gas3_RT,,0
EDIT_PRE_PVD1_Gas3_RR,Analog,EDIT_PRE_PVD1_Gas3_RR,,0
EDIT_PRE_PVD1_Gas3_HT,Analog,EDIT_PRE_PVD1_Gas3_HT,,0
EDIT_PRE_PVD1_Gas3_HR,Analog,EDIT_PRE_PVD1_Gas3_HR,,0
EDIT_PRE_PVD1_Gas4_StVal,Analog,EDIT_PRE_PVD1_Gas4_StVal,,0
EDIT_PRE_PVD1_Gas4_EnVal,Analog,EDIT_PRE_PVD1_Gas4_EnVal,,0
EDIT_PRE_PVD1_Gas4_RTp,Analog,EDIT_PRE_PVD1_Gas4_RTp,,0
EDIT_PRE_PVD1_Gas4_RT,Analog,EDIT_PRE_PVD1_Gas4_RT,,0
EDIT_PRE_PVD1_Gas4_RR,Analog,EDIT_PRE_PVD1_Gas4_RR,,0
EDIT_PRE_PVD1_Gas4_HT,Analog,EDIT_PRE_PVD1_Gas4_HT,,0
EDIT_PRE_PVD1_Gas4_HR,Analog,EDIT_PRE_PVD1_Gas4_HR,,0
EDIT_PRE_PVD1_Sply_StVal,Analog,EDIT_PRE_PVD1_Sply_StVal,,0
EDIT_PRE_PVD1_Sply_EnVal,Analog,EDIT_PRE_PVD1_Sply_EnVal,,0
EDIT_PRE_PVD1_Sply_RTp,Analog,EDIT_PRE_PVD1_Sply_RTp,,0
EDIT_PRE_PVD1_Sply_RT,Analog,EDIT_PRE_PVD1_Sply_RT,,0
EDIT_PRE_PVD1_Sply_RR,Analog,EDIT_PRE_PVD1_Sply_RR,,0
EDIT_PRE_PVD1_Sply_HT,Analog,EDIT_PRE_PVD1_Sply_HT,,0
EDIT_PRE_PVD1_Sply_HR,Analog,EDIT_PRE_PVD1_Sply_HR,,0
EDIT_PRE_PVD1_SplyMode,Analog,EDIT_PRE_PVD1_SplyMode,,0
EDIT_PRE_PVD1_SplyTAP,Analog,EDIT_PRE_PVD1_SplyTAP,,0
EDIT_PRE_PVD1_SplyCtrlMode,Analog,EDIT_PRE_PVD1_SplyCtrlMode,,0
EDIT_PRE_PVD1_PlasPrSl,Analog,EDIT_PRE_PVD1_PlasPrSl,,0
EDIT_PRE_PVD2_LS_StVal,Analog,EDIT_PRE_PVD2_LS_StVal,,0
EDIT_PRE_PVD2_LS_EnVal,Analog,EDIT_PRE_PVD2_LS_EnVal,,0
EDIT_PRE_PVD2_LS_RTp,Analog,EDIT_PRE_PVD2_LS_RTp,,0
EDIT_PRE_PVD2_LS_RT,Analog,EDIT_PRE_PVD2_LS_RT,,0
EDIT_PRE_PVD2_LS_RR,Analog,EDIT_PRE_PVD2_LS_RR,,0
EDIT_PRE_PVD2_LS_HT,Analog,EDIT_PRE_PVD2_LS_HT,,0
EDIT_PRE_PVD2_LS_HR,Analog,EDIT_PRE_PVD2_LS_HR,,0
EDIT_PRE_PVD2_LSVoltCtrlrOn,Analog,EDIT_PRE_PVD2_LSVoltCtrlrOn,,0
EDIT_PRE_PVD2_LSCCtrlLoopMode,Analog,EDIT_PRE_PVD2_LSCCtrlLoopMode,,1
EDIT_PRE_PVD2_Gas1_StVal,Analog,EDIT_PRE_PVD2_Gas1_StVal,,0
EDIT_PRE_PVD2_Gas1_EnVal,Analog,EDIT_PRE_PVD2_Gas1_EnVal,,0
EDIT_PRE_PVD2_Gas1_RTp,Analog,EDIT_PRE_PVD2_Gas1_RTp,,0
EDIT_PRE_PVD2_Gas1_RT,Analog,EDIT_PRE_PVD2_Gas1_RT,,0
EDIT_PRE_PVD2_Gas1_RR,Analog,EDIT_PRE_PVD2_Gas1_RR,,0
EDIT_PRE_PVD2_Gas1_HT,Analog,EDIT_PRE_PVD2_Gas1_HT,,0
EDIT_PRE_PVD2_Gas1_HR,Analog,EDIT_PRE_PVD2_Gas1_HR,,0
EDIT_PRE_PVD2_Gas2_StVal,Analog,EDIT_PRE_PVD2_Gas2_StVal,,0
EDIT_PRE_PVD2_Gas2_EnVal,Analog,EDIT_PRE_PVD2_Gas2_EnVal,,0
EDIT_PRE_PVD2_Gas2_RTp,Analog,EDIT_PRE_PVD2_Gas2_RTp,,0
EDIT_PRE_PVD2_Gas2_RT,Analog,EDIT_PRE_PVD2_Gas2_RT,,0
EDIT_PRE_PVD2_Gas2_RR,Analog,EDIT_PRE_PVD2_Gas2_RR,,0
EDIT_PRE_PVD2_Gas2_HT,Analog,EDIT_PRE_PVD2_Gas2_HT,,0
EDIT_PRE_PVD2_Gas2_HR,Analog,EDIT_PRE_PVD2_Gas2_HR,,0
EDIT_PRE_PVD2_Gas3_StVal,Analog,EDIT_PRE_PVD2_Gas3_StVal,,0
EDIT_PRE_PVD2_Gas3_EnVal,Analog,EDIT_PRE_PVD2_Gas3_EnVal,,0
EDIT_PRE_PVD2_Gas3_RTp,Analog,EDIT_PRE_PVD2_Gas3_RTp,,0
EDIT_PRE_PVD2_Gas3_RT,Analog,EDIT_PRE_PVD2_Gas3_RT,,0
EDIT_PRE_PVD2_Gas3_RR,Analog,EDIT_PRE_PVD2_Gas3_RR,,0
EDIT_PRE_PVD2_Gas3_HT,Analog,EDIT_PRE_PVD2_Gas3_HT,,0
EDIT_PRE_PVD2_Gas3_HR,Analog,EDIT_PRE_PVD2_Gas3_HR,,0
EDIT_PRE_PVD2_Gas4_StVal,Analog,EDIT_PRE_PVD2_Gas4_StVal,,0
EDIT_PRE_PVD2_Gas4_EnVal,Analog,EDIT_PRE_PVD2_Gas4_EnVal,,0
EDIT_PRE_PVD2_Gas4_RTp,Analog,EDIT_PRE_PVD2_Gas4_RTp,,0
EDIT_PRE_PVD2_Gas4_RT,Analog,EDIT_PRE_PVD2_Gas4_RT,,0
EDIT_PRE_PVD2_Gas4_RR,Analog,EDIT_PRE_PVD2_Gas4_RR,,0
EDIT_PRE_PVD2_Gas4_HT,Analog,EDIT_PRE_PVD2_Gas4_HT,,0
EDIT_PRE_PVD2_Gas4_HR,Analog,EDIT_PRE_PVD2_Gas4_HR,,0
EDIT_PRE_PVD2_Sply_StVal,Analog,EDIT_PRE_PVD2_Sply_StVal,,0
EDIT_PRE_PVD2_Sply_EnVal,Analog,EDIT_PRE_PVD2_Sply_EnVal,,0
EDIT_PRE_PVD2_Sply_RTp,Analog,EDIT_PRE_PVD2_Sply_RTp,,0
EDIT_PRE_PVD2_Sply_RT,Analog,EDIT_PRE_PVD2_Sply_RT,,0
EDIT_PRE_PVD2_Sply_RR,Analog,EDIT_PRE_PVD2_Sply_RR,,0
EDIT_PRE_PVD2_Sply_HT,Analog,EDIT_PRE_PVD2_Sply_HT,,0
EDIT_PRE_PVD2_Sply_HR,Analog,EDIT_PRE_PVD2_Sply_HR,,0
EDIT_PRE_PVD2_SplyMode,Analog,EDIT_PRE_PVD2_SplyMode,,0
EDIT_PRE_PVD2_SplyTAP,Analog,EDIT_PRE_PVD2_SplyTAP,,0
EDIT_PRE_PVD2_SplyCtrlMode,Analog,EDIT_PRE_PVD2_SplyCtrlMode,,0
EDIT_PRE_PVD2_PlasPrSl,Analog,EDIT_PRE_PVD2_PlasPrSl,,0
EDIT_PRE_PVD3_LS_StVal,Analog,EDIT_PRE_PVD3_LS_StVal,,0
EDIT_PRE_PVD3_LS_EnVal,Analog,EDIT_PRE_PVD3_LS_EnVal,,0
EDIT_PRE_PVD3_LS_RTp,Analog,EDIT_PRE_PVD3_LS_RTp,,0
EDIT_PRE_PVD3_LS_RT,Analog,EDIT_PRE_PVD3_LS_RT,,0
EDIT_PRE_PVD3_LS_RR,Analog,EDIT_PRE_PVD3_LS_RR,,0
EDIT_PRE_PVD3_LS_HT,Analog,EDIT_PRE_PVD3_LS_HT,,0
EDIT_PRE_PVD3_LS_HR,Analog,EDIT_PRE_PVD3_LS_HR,,0
EDIT_PRE_PVD3_LSVoltCtrlrOn,Analog,EDIT_PRE_PVD3_LSVoltCtrlrOn,,0
EDIT_PRE_PVD3_LSCCtrlLoopMode,Analog,EDIT_PRE_PVD3_LSCCtrlLoopMode,,1
EDIT_PRE_PVD3_Gas1_StVal,Analog,EDIT_PRE_PVD3_Gas1_StVal,,0
EDIT_PRE_PVD3_Gas1_EnVal,Analog,EDIT_PRE_PVD3_Gas1_EnVal,,0
EDIT_PRE_PVD3_Gas1_RTp,Analog,EDIT_PRE_PVD3_Gas1_RTp,,0
EDIT_PRE_PVD3_Gas1_RT,Analog,EDIT_PRE_PVD3_Gas1_RT,,0
EDIT_PRE_PVD3_Gas1_RR,Analog,EDIT_PRE_PVD3_Gas1_RR,,0
EDIT_PRE_PVD3_Gas1_HT,Analog,EDIT_PRE_PVD3_Gas1_HT,,0
EDIT_PRE_PVD3_Gas1_HR,Analog,EDIT_PRE_PVD3_Gas1_HR,,0
EDIT_PRE_PVD3_Gas2_StVal,Analog,EDIT_PRE_PVD3_Gas2_StVal,,0
EDIT_PRE_PVD3_Gas2_EnVal,Analog,EDIT_PRE_PVD3_Gas2_EnVal,,0
EDIT_PRE_PVD3_Gas2_RTp,Analog,EDIT_PRE_PVD3_Gas2_RTp,,0
EDIT_PRE_PVD3_Gas2_RT,Analog,EDIT_PRE_PVD3_Gas2_RT,,0
EDIT_PRE_PVD3_Gas2_RR,Analog,EDIT_PRE_PVD3_Gas2_RR,,0
EDIT_PRE_PVD3_Gas2_HT,Analog,EDIT_PRE_PVD3_Gas2_HT,,0
EDIT_PRE_PVD3_Gas2_HR,Analog,EDIT_PRE_PVD3_Gas2_HR,,0
EDIT_PRE_PVD3_Gas3_StVal,Analog,EDIT_PRE_PVD3_Gas3_StVal,,0
EDIT_PRE_PVD3_Gas3_EnVal,Analog,EDIT_PRE_PVD3_Gas3_EnVal,,0
EDIT_PRE_PVD3_Gas3_RTp,Analog,EDIT_PRE_PVD3_Gas3_RTp,,0
EDIT_PRE_PVD3_Gas3_RT,Analog,EDIT_PRE_PVD3_Gas3_RT,,0
EDIT_PRE_PVD3_Gas3_RR,Analog,EDIT_PRE_PVD3_Gas3_RR,,0
EDIT_PRE_PVD3_Gas3_HT,Analog,EDIT_PRE_PVD3_Gas3_HT,,0
EDIT_PRE_PVD3_Gas3_HR,Analog,EDIT_PRE_PVD3_Gas3_HR,,0
EDIT_PRE_PVD3_Gas4_StVal,Analog,EDIT_PRE_PVD3_Gas4_StVal,,0
EDIT_PRE_PVD3_Gas4_EnVal,Analog,EDIT_PRE_PVD3_Gas4_EnVal,,0
EDIT_PRE_PVD3_Gas4_RTp,Analog,EDIT_PRE_PVD3_Gas4_RTp,,0
EDIT_PRE_PVD3_Gas4_RT,Analog,EDIT_PRE_PVD3_Gas4_RT,,0
EDIT_PRE_PVD3_Gas4_RR,Analog,EDIT_PRE_PVD3_Gas4_RR,,0
EDIT_PRE_PVD3_Gas4_HT,Analog,EDIT_PRE_PVD3_Gas4_HT,,0
EDIT_PRE_PVD3_Gas4_HR,Analog,EDIT_PRE_PVD3_Gas4_HR,,0
EDIT_PRE_PVD3_Sply_StVal,Analog,EDIT_PRE_PVD3_Sply_StVal,,0
EDIT_PRE_PVD3_Sply_EnVal,Analog,EDIT_PRE_PVD3_Sply_EnVal,,0
EDIT_PRE_PVD3_Sply_RTp,Analog,EDIT_PRE_PVD3_Sply_RTp,,0
EDIT_PRE_PVD3_Sply_RT,Analog,EDIT_PRE_PVD3_Sply_RT,,0
EDIT_PRE_PVD3_Sply_RR,Analog,EDIT_PRE_PVD3_Sply_RR,,0
EDIT_PRE_PVD3_Sply_HT,Analog,EDIT_PRE_PVD3_Sply_HT,,0
EDIT_PRE_PVD3_Sply_HR,Analog,EDIT_PRE_PVD3_Sply_HR,,0
EDIT_PRE_PVD3_SplyMode,Analog,EDIT_PRE_PVD3_SplyMode,,0
EDIT_PRE_PVD3_SplyTAP,Analog,EDIT_PRE_PVD3_SplyTAP,,0
EDIT_PRE_PVD3_SplyCtrlMode,Analog,EDIT_PRE_PVD3_SplyCtrlMode,,0
EDIT_PRE_PVD3_PlasPrSl,Analog,EDIT_PRE_PVD3_PlasPrSl,,0
EDIT_PRE_TGC_TGNo,Analog,EDIT_PRE_TGC_TGNo,,0
EDIT_PRE_WBM_MeasMode,Analog,EDIT_PRE_WBM_MeasMode,,0
EDIT_PRE_WBM_LayerNo,Analog,EDIT_PRE_WBM_LayerNo,,0
EDIT_PRE_WBM_ACP,Analog,EDIT_PRE_WBM_ACP,,0
EDIT_PRE_WBM_SaveCount,Analog,EDIT_PRE_WBM_SaveCount,,0
EDIT_PRE_WBM_SaveInit,Analog,EDIT_PRE_WBM_SaveInit,,0
EDIT_PRE_WBM_Autoscaling,Analog,EDIT_PRE_WBM_Autoscaling,,0
EDIT_PRE_WBM_InitThickSel,Analog,EDIT_PRE_WBM_InitThickSel,,0
EDIT_PRE_WBM_InitThick,Analog,EDIT_PRE_WBM_InitThick,,0
EDIT_PP_ProcType,Analog,EDIT_PP_ProcType,,0
EDIT_PP_PhsTime,Analog,EDIT_PP_PhsTime,,0
EDIT_PP_PhsRounds,Analog,EDIT_PP_PhsRounds,,0
EDIT_PP_MaxTimePhs,Analog,EDIT_PP_MaxTimePhs,,0
EDIT_PP_RateCtrlStartThickCalc,Analog,EDIT_PP_RateCtrlStartThickCalc,,0
EDIT_PP_RateCtrlStartTimeCalc,Analog,EDIT_PP_RateCtrlStartTimeCalc,,0
EDIT_PP_RateCtrlEn,Analog,EDIT_PP_RateCtrlEn,,0
EDIT_PP_RateCtrlNoVals,Analog,EDIT_PP_RateCtrlNoVals,,0
EDIT_PP_ProfileContMode,Analog,EDIT_PP_ProfileContMode,,0
EDIT_PP_PBS_MBoxPosC1,Analog,EDIT_PP_PBS_MBoxPosC1,,0
EDIT_PP_PBS_MBoxPosC2,Analog,EDIT_PP_PBS_MBoxPosC2,,0
EDIT_PP_PBS_MBoxPosC3,Analog,EDIT_PP_PBS_MBoxPosC3,,0
EDIT_PP_PBS_Phs1_Gas1_StVal,Analog,EDIT_PP_PBS_Phs1_Gas1_StVal,,0
EDIT_PP_PBS_Phs1_Gas1_EnVal,Analog,EDIT_PP_PBS_Phs1_Gas1_EnVal,,0
EDIT_PP_PBS_Phs1_Gas1_REn,Discrete,EDIT_PP_PBS_Phs1_Gas1_REn,,0
EDIT_PP_PBS_Phs1_Gas1_RT,Analog,EDIT_PP_PBS_Phs1_Gas1_RT,,0
EDIT_PP_PBS_Phs1_Gas1_RR,Analog,EDIT_PP_PBS_Phs1_Gas1_RR,,0
EDIT_PP_PBS_Phs1_Gas1_HT,Analog,EDIT_PP_PBS_Phs1_Gas1_HT,,0
EDIT_PP_PBS_Phs1_Gas1_HR,Analog,EDIT_PP_PBS_Phs1_Gas1_HR,,0
EDIT_PP_PBS_Phs1_Gas2_StVal,Analog,EDIT_PP_PBS_Phs1_Gas2_StVal,,0
EDIT_PP_PBS_Phs1_Gas2_EnVal,Analog,EDIT_PP_PBS_Phs1_Gas2_EnVal,,0
EDIT_PP_PBS_Phs1_Gas2_REn,Discrete,EDIT_PP_PBS_Phs1_Gas2_REn,,0
EDIT_PP_PBS_Phs1_Gas2_RT,Analog,EDIT_PP_PBS_Phs1_Gas2_RT,,0
EDIT_PP_PBS_Phs1_Gas2_RR,Analog,EDIT_PP_PBS_Phs1_Gas2_RR,,0
EDIT_PP_PBS_Phs1_Gas2_HT,Analog,EDIT_PP_PBS_Phs1_Gas2_HT,,0
EDIT_PP_PBS_Phs1_Gas2_HR,Analog,EDIT_PP_PBS_Phs1_Gas2_HR,,0
EDIT_PP_PBS_Phs1_Gas3_StVal,Analog,EDIT_PP_PBS_Phs1_Gas3_StVal,,0
EDIT_PP_PBS_Phs1_Gas3_EnVal,Analog,EDIT_PP_PBS_Phs1_Gas3_EnVal,,0
EDIT_PP_PBS_Phs1_Gas3_REn,Discrete,EDIT_PP_PBS_Phs1_Gas3_REn,,0
EDIT_PP_PBS_Phs1_Gas3_RT,Analog,EDIT_PP_PBS_Phs1_Gas3_RT,,0
EDIT_PP_PBS_Phs1_Gas3_RR,Analog,EDIT_PP_PBS_Phs1_Gas3_RR,,0
EDIT_PP_PBS_Phs1_Gas3_HT,Analog,EDIT_PP_PBS_Phs1_Gas3_HT,,0
EDIT_PP_PBS_Phs1_Gas3_HR,Analog,EDIT_PP_PBS_Phs1_Gas3_HR,,0
EDIT_PP_PBS_Phs1_Gas4_StVal,Analog,EDIT_PP_PBS_Phs1_Gas4_StVal,,0
EDIT_PP_PBS_Phs1_Gas4_EnVal,Analog,EDIT_PP_PBS_Phs1_Gas4_EnVal,,0
EDIT_PP_PBS_Phs1_Gas4_REn,Discrete,EDIT_PP_PBS_Phs1_Gas4_REn,,0
EDIT_PP_PBS_Phs1_Gas4_RT,Analog,EDIT_PP_PBS_Phs1_Gas4_RT,,0
EDIT_PP_PBS_Phs1_Gas4_RR,Analog,EDIT_PP_PBS_Phs1_Gas4_RR,,0
EDIT_PP_PBS_Phs1_Gas4_HT,Analog,EDIT_PP_PBS_Phs1_Gas4_HT,,0
EDIT_PP_PBS_Phs1_Gas4_HR,Analog,EDIT_PP_PBS_Phs1_Gas4_HR,,0
EDIT_PP_PBS_Phs1_Sply_StVal,Analog,EDIT_PP_PBS_Phs1_Sply_StVal,,0
EDIT_PP_PBS_Phs1_Sply_EnVal,Analog,EDIT_PP_PBS_Phs1_Sply_EnVal,,0
EDIT_PP_PBS_Phs1_Sply_REn,Discrete,EDIT_PP_PBS_Phs1_Sply_REn,,0
EDIT_PP_PBS_Phs1_Sply_RT,Analog,EDIT_PP_PBS_Phs1_Sply_RT,,0
EDIT_PP_PBS_Phs1_Sply_RR,Analog,EDIT_PP_PBS_Phs1_Sply_RR,,0
EDIT_PP_PBS_Phs1_Sply_HT,Analog,EDIT_PP_PBS_Phs1_Sply_HT,,0
EDIT_PP_PBS_Phs1_Sply_HR,Analog,EDIT_PP_PBS_Phs1_Sply_HR,,0
EDIT_PP_PBS_Phs2_Gas1_StVal,Analog,EDIT_PP_PBS_Phs2_Gas1_StVal,,0
EDIT_PP_PBS_Phs2_Gas1_EnVal,Analog,EDIT_PP_PBS_Phs2_Gas1_EnVal,,0
EDIT_PP_PBS_Phs2_Gas1_REn,Discrete,EDIT_PP_PBS_Phs2_Gas1_REn,,0
EDIT_PP_PBS_Phs2_Gas1_RT,Analog,EDIT_PP_PBS_Phs2_Gas1_RT,,0
EDIT_PP_PBS_Phs2_Gas1_RR,Analog,EDIT_PP_PBS_Phs2_Gas1_RR,,0
EDIT_PP_PBS_Phs2_Gas1_HT,Analog,EDIT_PP_PBS_Phs2_Gas1_HT,,0
EDIT_PP_PBS_Phs2_Gas1_HR,Analog,EDIT_PP_PBS_Phs2_Gas1_HR,,0
EDIT_PP_PBS_Phs2_Gas2_StVal,Analog,EDIT_PP_PBS_Phs2_Gas2_StVal,,0
EDIT_PP_PBS_Phs2_Gas2_EnVal,Analog,EDIT_PP_PBS_Phs2_Gas2_EnVal,,0
EDIT_PP_PBS_Phs2_Gas2_REn,Discrete,EDIT_PP_PBS_Phs2_Gas2_REn,,0
EDIT_PP_PBS_Phs2_Gas2_RT,Analog,EDIT_PP_PBS_Phs2_Gas2_RT,,0
EDIT_PP_PBS_Phs2_Gas2_RR,Analog,EDIT_PP_PBS_Phs2_Gas2_RR,,0
EDIT_PP_PBS_Phs2_Gas2_HT,Analog,EDIT_PP_PBS_Phs2_Gas2_HT,,0
EDIT_PP_PBS_Phs2_Gas2_HR,Analog,EDIT_PP_PBS_Phs2_Gas2_HR,,0
EDIT_PP_PBS_Phs2_Gas3_StVal,Analog,EDIT_PP_PBS_Phs2_Gas3_StVal,,0
EDIT_PP_PBS_Phs2_Gas3_EnVal,Analog,EDIT_PP_PBS_Phs2_Gas3_EnVal,,0
EDIT_PP_PBS_Phs2_Gas3_REn,Discrete,EDIT_PP_PBS_Phs2_Gas3_REn,,0
EDIT_PP_PBS_Phs2_Gas3_RT,Analog,EDIT_PP_PBS_Phs2_Gas3_RT,,0
EDIT_PP_PBS_Phs2_Gas3_RR,Analog,EDIT_PP_PBS_Phs2_Gas3_RR,,0
EDIT_PP_PBS_Phs2_Gas3_HT,Analog,EDIT_PP_PBS_Phs2_Gas3_HT,,0
EDIT_PP_PBS_Phs2_Gas3_HR,Analog,EDIT_PP_PBS_Phs2_Gas3_HR,,0
EDIT_PP_PBS_Phs2_Gas4_StVal,Analog,EDIT_PP_PBS_Phs2_Gas4_StVal,,0
EDIT_PP_PBS_Phs2_Gas4_EnVal,Analog,EDIT_PP_PBS_Phs2_Gas4_EnVal,,0
EDIT_PP_PBS_Phs2_Gas4_REn,Discrete,EDIT_PP_PBS_Phs2_Gas4_REn,,0
EDIT_PP_PBS_Phs2_Gas4_RT,Analog,EDIT_PP_PBS_Phs2_Gas4_RT,,0
EDIT_PP_PBS_Phs2_Gas4_RR,Analog,EDIT_PP_PBS_Phs2_Gas4_RR,,0
EDIT_PP_PBS_Phs2_Gas4_HT,Analog,EDIT_PP_PBS_Phs2_Gas4_HT,,0
EDIT_PP_PBS_Phs2_Gas4_HR,Analog,EDIT_PP_PBS_Phs2_Gas4_HR,,0
EDIT_PP_PBS_Phs2_Sply_StVal,Analog,EDIT_PP_PBS_Phs2_Sply_StVal,,0
EDIT_PP_PBS_Phs2_Sply_EnVal,Analog,EDIT_PP_PBS_Phs2_Sply_EnVal,,0
EDIT_PP_PBS_Phs2_Sply_REn,Discrete,EDIT_PP_PBS_Phs2_Sply_REn,,0
EDIT_PP_PBS_Phs2_Sply_RT,Analog,EDIT_PP_PBS_Phs2_Sply_RT,,0
EDIT_PP_PBS_Phs2_Sply_RR,Analog,EDIT_PP_PBS_Phs2_Sply_RR,,0
EDIT_PP_PBS_Phs2_Sply_HT,Analog,EDIT_PP_PBS_Phs2_Sply_HT,,0
EDIT_PP_PBS_Phs2_Sply_HR,Analog,EDIT_PP_PBS_Phs2_Sply_HR,,0
EDIT_PP_PBS_Phs3_Gas1_StVal,Analog,EDIT_PP_PBS_Phs3_Gas1_StVal,,0
EDIT_PP_PBS_Phs3_Gas1_EnVal,Analog,EDIT_PP_PBS_Phs3_Gas1_EnVal,,0
EDIT_PP_PBS_Phs3_Gas1_REn,Discrete,EDIT_PP_PBS_Phs3_Gas1_REn,,0
EDIT_PP_PBS_Phs3_Gas1_RT,Analog,EDIT_PP_PBS_Phs3_Gas1_RT,,0
EDIT_PP_PBS_Phs3_Gas1_RR,Analog,EDIT_PP_PBS_Phs3_Gas1_RR,,0
EDIT_PP_PBS_Phs3_Gas1_HT,Analog,EDIT_PP_PBS_Phs3_Gas1_HT,,0
EDIT_PP_PBS_Phs3_Gas1_HR,Analog,EDIT_PP_PBS_Phs3_Gas1_HR,,0
EDIT_PP_PBS_Phs3_Gas2_StVal,Analog,EDIT_PP_PBS_Phs3_Gas2_StVal,,0
EDIT_PP_PBS_Phs3_Gas2_EnVal,Analog,EDIT_PP_PBS_Phs3_Gas2_EnVal,,0
EDIT_PP_PBS_Phs3_Gas2_REn,Discrete,EDIT_PP_PBS_Phs3_Gas2_REn,,0
EDIT_PP_PBS_Phs3_Gas2_RT,Analog,EDIT_PP_PBS_Phs3_Gas2_RT,,0
EDIT_PP_PBS_Phs3_Gas2_RR,Analog,EDIT_PP_PBS_Phs3_Gas2_RR,,0
EDIT_PP_PBS_Phs3_Gas2_HT,Analog,EDIT_PP_PBS_Phs3_Gas2_HT,,0
EDIT_PP_PBS_Phs3_Gas2_HR,Analog,EDIT_PP_PBS_Phs3_Gas2_HR,,0
EDIT_PP_PBS_Phs3_Gas3_StVal,Analog,EDIT_PP_PBS_Phs3_Gas3_StVal,,0
EDIT_PP_PBS_Phs3_Gas3_EnVal,Analog,EDIT_PP_PBS_Phs3_Gas3_EnVal,,0
EDIT_PP_PBS_Phs3_Gas3_REn,Discrete,EDIT_PP_PBS_Phs3_Gas3_REn,,0
EDIT_PP_PBS_Phs3_Gas3_RT,Analog,EDIT_PP_PBS_Phs3_Gas3_RT,,0
EDIT_PP_PBS_Phs3_Gas3_RR,Analog,EDIT_PP_PBS_Phs3_Gas3_RR,,0
EDIT_PP_PBS_Phs3_Gas3_HT,Analog,EDIT_PP_PBS_Phs3_Gas3_HT,,0
EDIT_PP_PBS_Phs3_Gas3_HR,Analog,EDIT_PP_PBS_Phs3_Gas3_HR,,0
EDIT_PP_PBS_Phs3_Gas4_StVal,Analog,EDIT_PP_PBS_Phs3_Gas4_StVal,,0
EDIT_PP_PBS_Phs3_Gas4_EnVal,Analog,EDIT_PP_PBS_Phs3_Gas4_EnVal,,0
EDIT_PP_PBS_Phs3_Gas4_REn,Discrete,EDIT_PP_PBS_Phs3_Gas4_REn,,0
EDIT_PP_PBS_Phs3_Gas4_RT,Analog,EDIT_PP_PBS_Phs3_Gas4_RT,,0
EDIT_PP_PBS_Phs3_Gas4_RR,Analog,EDIT_PP_PBS_Phs3_Gas4_RR,,0
EDIT_PP_PBS_Phs3_Gas4_HT,Analog,EDIT_PP_PBS_Phs3_Gas4_HT,,0
EDIT_PP_PBS_Phs3_Gas4_HR,Analog,EDIT_PP_PBS_Phs3_Gas4_HR,,0
EDIT_PP_PBS_Phs3_Sply_StVal,Analog,EDIT_PP_PBS_Phs3_Sply_StVal,,0
EDIT_PP_PBS_Phs3_Sply_EnVal,Analog,EDIT_PP_PBS_Phs3_Sply_EnVal,,0
EDIT_PP_PBS_Phs3_Sply_REn,Discrete,EDIT_PP_PBS_Phs3_Sply_REn,,0
EDIT_PP_PBS_Phs3_Sply_RT,Analog,EDIT_PP_PBS_Phs3_Sply_RT,,0
EDIT_PP_PBS_Phs3_Sply_RR,Analog,EDIT_PP_PBS_Phs3_Sply_RR,,0
EDIT_PP_PBS_Phs3_Sply_HT,Analog,EDIT_PP_PBS_Phs3_Sply_HT,,0
EDIT_PP_PBS_Phs3_Sply_HR,Analog,EDIT_PP_PBS_Phs3_Sply_HR,,0
EDIT_PP_PVD1_Phs1_Gas1_StVal,Analog,EDIT_PP_PVD1_Phs1_Gas1_StVal,,0
EDIT_PP_PVD1_Phs1_Gas1_EnVal,Analog,EDIT_PP_PVD1_Phs1_Gas1_EnVal,,0
EDIT_PP_PVD1_Phs1_Gas1_REn,Discrete,EDIT_PP_PVD1_Phs1_Gas1_REn,,0
EDIT_PP_PVD1_Phs1_Gas1_RT,Analog,EDIT_PP_PVD1_Phs1_Gas1_RT,,0
EDIT_PP_PVD1_Phs1_Gas1_RR,Analog,EDIT_PP_PVD1_Phs1_Gas1_RR,,0
EDIT_PP_PVD1_Phs1_Gas1_HT,Analog,EDIT_PP_PVD1_Phs1_Gas1_HT,,0
EDIT_PP_PVD1_Phs1_Gas1_HR,Analog,EDIT_PP_PVD1_Phs1_Gas1_HR,,0
EDIT_PP_PVD1_Phs1_Gas2_StVal,Analog,EDIT_PP_PVD1_Phs1_Gas2_StVal,,0
EDIT_PP_PVD1_Phs1_Gas2_EnVal,Analog,EDIT_PP_PVD1_Phs1_Gas2_EnVal,,0
EDIT_PP_PVD1_Phs1_Gas2_REn,Discrete,EDIT_PP_PVD1_Phs1_Gas2_REn,,0
EDIT_PP_PVD1_Phs1_Gas2_RT,Analog,EDIT_PP_PVD1_Phs1_Gas2_RT,,0
EDIT_PP_PVD1_Phs1_Gas2_RR,Analog,EDIT_PP_PVD1_Phs1_Gas2_RR,,0
EDIT_PP_PVD1_Phs1_Gas2_HT,Analog,EDIT_PP_PVD1_Phs1_Gas2_HT,,0
EDIT_PP_PVD1_Phs1_Gas2_HR,Analog,EDIT_PP_PVD1_Phs1_Gas2_HR,,0
EDIT_PP_PVD1_Phs1_Gas3_StVal,Analog,EDIT_PP_PVD1_Phs1_Gas3_StVal,,0
EDIT_PP_PVD1_Phs1_Gas3_EnVal,Analog,EDIT_PP_PVD1_Phs1_Gas3_EnVal,,0
EDIT_PP_PVD1_Phs1_Gas3_REn,Discrete,EDIT_PP_PVD1_Phs1_Gas3_REn,,0
EDIT_PP_PVD1_Phs1_Gas3_RT,Analog,EDIT_PP_PVD1_Phs1_Gas3_RT,,0
EDIT_PP_PVD1_Phs1_Gas3_RR,Analog,EDIT_PP_PVD1_Phs1_Gas3_RR,,0
EDIT_PP_PVD1_Phs1_Gas3_HT,Analog,EDIT_PP_PVD1_Phs1_Gas3_HT,,0
EDIT_PP_PVD1_Phs1_Gas3_HR,Analog,EDIT_PP_PVD1_Phs1_Gas3_HR,,0
EDIT_PP_PVD1_Phs1_Gas4_StVal,Analog,EDIT_PP_PVD1_Phs1_Gas4_StVal,,0
EDIT_PP_PVD1_Phs1_Gas4_EnVal,Analog,EDIT_PP_PVD1_Phs1_Gas4_EnVal,,0
EDIT_PP_PVD1_Phs1_Gas4_REn,Discrete,EDIT_PP_PVD1_Phs1_Gas4_REn,,0
EDIT_PP_PVD1_Phs1_Gas4_RT,Analog,EDIT_PP_PVD1_Phs1_Gas4_RT,,0
EDIT_PP_PVD1_Phs1_Gas4_RR,Analog,EDIT_PP_PVD1_Phs1_Gas4_RR,,0
EDIT_PP_PVD1_Phs1_Gas4_HT,Analog,EDIT_PP_PVD1_Phs1_Gas4_HT,,0
EDIT_PP_PVD1_Phs1_Gas4_HR,Analog,EDIT_PP_PVD1_Phs1_Gas4_HR,,0
EDIT_PP_PVD1_Phs1_LS_StVal,Analog,EDIT_PP_PVD1_Phs1_LS_StVal,,0
EDIT_PP_PVD1_Phs1_LS_EnVal,Analog,EDIT_PP_PVD1_Phs1_LS_EnVal,,0
EDIT_PP_PVD1_Phs1_LS_REn,Discrete,EDIT_PP_PVD1_Phs1_LS_REn,,0
EDIT_PP_PVD1_Phs1_LS_RT,Analog,EDIT_PP_PVD1_Phs1_LS_RT,,0
EDIT_PP_PVD1_Phs1_LS_RR,Analog,EDIT_PP_PVD1_Phs1_LS_RR,,0
EDIT_PP_PVD1_Phs1_LS_HT,Analog,EDIT_PP_PVD1_Phs1_LS_HT,,0
EDIT_PP_PVD1_Phs1_LS_HR,Analog,EDIT_PP_PVD1_Phs1_LS_HR,,0
EDIT_PP_PVD1_Phs1_Sply_StVal,Analog,EDIT_PP_PVD1_Phs1_Sply_StVal,,0
EDIT_PP_PVD1_Phs1_Sply_EnVal,Analog,EDIT_PP_PVD1_Phs1_Sply_EnVal,,0
EDIT_PP_PVD1_Phs1_Sply_REn,Discrete,EDIT_PP_PVD1_Phs1_Sply_REn,,0
EDIT_PP_PVD1_Phs1_Sply_RT,Analog,EDIT_PP_PVD1_Phs1_Sply_RT,,0
EDIT_PP_PVD1_Phs1_Sply_RR,Analog,EDIT_PP_PVD1_Phs1_Sply_RR,,0
EDIT_PP_PVD1_Phs1_Sply_HT,Analog,EDIT_PP_PVD1_Phs1_Sply_HT,,0
EDIT_PP_PVD1_Phs1_Sply_HR,Analog,EDIT_PP_PVD1_Phs1_Sply_HR,,0
EDIT_PP_PVD1_Phs1_SplyCtrl,Discrete,EDIT_PP_PVD1_Phs1_SplyCtrl,,0
EDIT_PP_PVD1_Phs2_Gas1_StVal,Analog,EDIT_PP_PVD1_Phs2_Gas1_StVal,,0
EDIT_PP_PVD1_Phs2_Gas1_EnVal,Analog,EDIT_PP_PVD1_Phs2_Gas1_EnVal,,0
EDIT_PP_PVD1_Phs2_Gas1_REn,Discrete,EDIT_PP_PVD1_Phs2_Gas1_REn,,0
EDIT_PP_PVD1_Phs2_Gas1_RT,Analog,EDIT_PP_PVD1_Phs2_Gas1_RT,,0
EDIT_PP_PVD1_Phs2_Gas1_RR,Analog,EDIT_PP_PVD1_Phs2_Gas1_RR,,0
EDIT_PP_PVD1_Phs2_Gas1_HT,Analog,EDIT_PP_PVD1_Phs2_Gas1_HT,,0
EDIT_PP_PVD1_Phs2_Gas1_HR,Analog,EDIT_PP_PVD1_Phs2_Gas1_HR,,0
EDIT_PP_PVD1_Phs2_Gas2_StVal,Analog,EDIT_PP_PVD1_Phs2_Gas2_StVal,,0
EDIT_PP_PVD1_Phs2_Gas2_EnVal,Analog,EDIT_PP_PVD1_Phs2_Gas2_EnVal,,0
EDIT_PP_PVD1_Phs2_Gas2_REn,Discrete,EDIT_PP_PVD1_Phs2_Gas2_REn,,0
EDIT_PP_PVD1_Phs2_Gas2_RT,Analog,EDIT_PP_PVD1_Phs2_Gas2_RT,,0
EDIT_PP_PVD1_Phs2_Gas2_RR,Analog,EDIT_PP_PVD1_Phs2_Gas2_RR,,0
EDIT_PP_PVD1_Phs2_Gas2_HT,Analog,EDIT_PP_PVD1_Phs2_Gas2_HT,,0
EDIT_PP_PVD1_Phs2_Gas2_HR,Analog,EDIT_PP_PVD1_Phs2_Gas2_HR,,0
EDIT_PP_PVD1_Phs2_Gas3_StVal,Analog,EDIT_PP_PVD1_Phs2_Gas3_StVal,,0
EDIT_PP_PVD1_Phs2_Gas3_EnVal,Analog,EDIT_PP_PVD1_Phs2_Gas3_EnVal,,0
EDIT_PP_PVD1_Phs2_Gas3_REn,Discrete,EDIT_PP_PVD1_Phs2_Gas3_REn,,0
EDIT_PP_PVD1_Phs2_Gas3_RT,Analog,EDIT_PP_PVD1_Phs2_Gas3_RT,,0
EDIT_PP_PVD1_Phs2_Gas3_RR,Analog,EDIT_PP_PVD1_Phs2_Gas3_RR,,0
EDIT_PP_PVD1_Phs2_Gas3_HT,Analog,EDIT_PP_PVD1_Phs2_Gas3_HT,,0
EDIT_PP_PVD1_Phs2_Gas3_HR,Analog,EDIT_PP_PVD1_Phs2_Gas3_HR,,0
EDIT_PP_PVD1_Phs2_Gas4_StVal,Analog,EDIT_PP_PVD1_Phs2_Gas4_StVal,,0
EDIT_PP_PVD1_Phs2_Gas4_EnVal,Analog,EDIT_PP_PVD1_Phs2_Gas4_EnVal,,0
EDIT_PP_PVD1_Phs2_Gas4_REn,Discrete,EDIT_PP_PVD1_Phs2_Gas4_REn,,0
EDIT_PP_PVD1_Phs2_Gas4_RT,Analog,EDIT_PP_PVD1_Phs2_Gas4_RT,,0
EDIT_PP_PVD1_Phs2_Gas4_RR,Analog,EDIT_PP_PVD1_Phs2_Gas4_RR,,0
EDIT_PP_PVD1_Phs2_Gas4_HT,Analog,EDIT_PP_PVD1_Phs2_Gas4_HT,,0
EDIT_PP_PVD1_Phs2_Gas4_HR,Analog,EDIT_PP_PVD1_Phs2_Gas4_HR,,0
EDIT_PP_PVD1_Phs2_LS_StVal,Analog,EDIT_PP_PVD1_Phs2_LS_StVal,,0
EDIT_PP_PVD1_Phs2_LS_EnVal,Analog,EDIT_PP_PVD1_Phs2_LS_EnVal,,0
EDIT_PP_PVD1_Phs2_LS_REn,Discrete,EDIT_PP_PVD1_Phs2_LS_REn,,0
EDIT_PP_PVD1_Phs2_LS_RT,Analog,EDIT_PP_PVD1_Phs2_LS_RT,,0
EDIT_PP_PVD1_Phs2_LS_RR,Analog,EDIT_PP_PVD1_Phs2_LS_RR,,0
EDIT_PP_PVD1_Phs2_LS_HT,Analog,EDIT_PP_PVD1_Phs2_LS_HT,,0
EDIT_PP_PVD1_Phs2_LS_HR,Analog,EDIT_PP_PVD1_Phs2_LS_HR,,0
EDIT_PP_PVD1_Phs2_Sply_StVal,Analog,EDIT_PP_PVD1_Phs2_Sply_StVal,,0
EDIT_PP_PVD1_Phs2_Sply_EnVal,Analog,EDIT_PP_PVD1_Phs2_Sply_EnVal,,0
EDIT_PP_PVD1_Phs2_Sply_REn,Discrete,EDIT_PP_PVD1_Phs2_Sply_REn,,0
EDIT_PP_PVD1_Phs2_Sply_RT,Analog,EDIT_PP_PVD1_Phs2_Sply_RT,,0
EDIT_PP_PVD1_Phs2_Sply_RR,Analog,EDIT_PP_PVD1_Phs2_Sply_RR,,0
EDIT_PP_PVD1_Phs2_Sply_HT,Analog,EDIT_PP_PVD1_Phs2_Sply_HT,,0
EDIT_PP_PVD1_Phs2_Sply_HR,Analog,EDIT_PP_PVD1_Phs2_Sply_HR,,0
EDIT_PP_PVD1_Phs2_SplyCtrl,Discrete,EDIT_PP_PVD1_Phs2_SplyCtrl,,0
EDIT_PP_PVD1_Phs3_Gas1_StVal,Analog,EDIT_PP_PVD1_Phs3_Gas1_StVal,,0
EDIT_PP_PVD1_Phs3_Gas1_EnVal,Analog,EDIT_PP_PVD1_Phs3_Gas1_EnVal,,0
EDIT_PP_PVD1_Phs3_Gas1_REn,Discrete,EDIT_PP_PVD1_Phs3_Gas1_REn,,0
EDIT_PP_PVD1_Phs3_Gas1_RT,Analog,EDIT_PP_PVD1_Phs3_Gas1_RT,,0
EDIT_PP_PVD1_Phs3_Gas1_RR,Analog,EDIT_PP_PVD1_Phs3_Gas1_RR,,0
EDIT_PP_PVD1_Phs3_Gas1_HT,Analog,EDIT_PP_PVD1_Phs3_Gas1_HT,,0
EDIT_PP_PVD1_Phs3_Gas1_HR,Analog,EDIT_PP_PVD1_Phs3_Gas1_HR,,0
EDIT_PP_PVD1_Phs3_Gas2_StVal,Analog,EDIT_PP_PVD1_Phs3_Gas2_StVal,,0
EDIT_PP_PVD1_Phs3_Gas2_EnVal,Analog,EDIT_PP_PVD1_Phs3_Gas2_EnVal,,0
EDIT_PP_PVD1_Phs3_Gas2_REn,Discrete,EDIT_PP_PVD1_Phs3_Gas2_REn,,0
EDIT_PP_PVD1_Phs3_Gas2_RT,Analog,EDIT_PP_PVD1_Phs3_Gas2_RT,,0
EDIT_PP_PVD1_Phs3_Gas2_RR,Analog,EDIT_PP_PVD1_Phs3_Gas2_RR,,0
EDIT_PP_PVD1_Phs3_Gas2_HT,Analog,EDIT_PP_PVD1_Phs3_Gas2_HT,,0
EDIT_PP_PVD1_Phs3_Gas2_HR,Analog,EDIT_PP_PVD1_Phs3_Gas2_HR,,0
EDIT_PP_PVD1_Phs3_Gas3_StVal,Analog,EDIT_PP_PVD1_Phs3_Gas3_StVal,,0
EDIT_PP_PVD1_Phs3_Gas3_EnVal,Analog,EDIT_PP_PVD1_Phs3_Gas3_EnVal,,0
EDIT_PP_PVD1_Phs3_Gas3_REn,Discrete,EDIT_PP_PVD1_Phs3_Gas3_REn,,0
EDIT_PP_PVD1_Phs3_Gas3_RT,Analog,EDIT_PP_PVD1_Phs3_Gas3_RT,,0
EDIT_PP_PVD1_Phs3_Gas3_RR,Analog,EDIT_PP_PVD1_Phs3_Gas3_RR,,0
EDIT_PP_PVD1_Phs3_Gas3_HT,Analog,EDIT_PP_PVD1_Phs3_Gas3_HT,,0
EDIT_PP_PVD1_Phs3_Gas3_HR,Analog,EDIT_PP_PVD1_Phs3_Gas3_HR,,0
EDIT_PP_PVD1_Phs3_Gas4_StVal,Analog,EDIT_PP_PVD1_Phs3_Gas4_StVal,,0
EDIT_PP_PVD1_Phs3_Gas4_EnVal,Analog,EDIT_PP_PVD1_Phs3_Gas4_EnVal,,0
EDIT_PP_PVD1_Phs3_Gas4_REn,Discrete,EDIT_PP_PVD1_Phs3_Gas4_REn,,0
EDIT_PP_PVD1_Phs3_Gas4_RT,Analog,EDIT_PP_PVD1_Phs3_Gas4_RT,,0
EDIT_PP_PVD1_Phs3_Gas4_RR,Analog,EDIT_PP_PVD1_Phs3_Gas4_RR,,0
EDIT_PP_PVD1_Phs3_Gas4_HT,Analog,EDIT_PP_PVD1_Phs3_Gas4_HT,,0
EDIT_PP_PVD1_Phs3_Gas4_HR,Analog,EDIT_PP_PVD1_Phs3_Gas4_HR,,0
EDIT_PP_PVD1_Phs3_LS_StVal,Analog,EDIT_PP_PVD1_Phs3_LS_StVal,,0
EDIT_PP_PVD1_Phs3_LS_EnVal,Analog,EDIT_PP_PVD1_Phs3_LS_EnVal,,0
EDIT_PP_PVD1_Phs3_LS_REn,Discrete,EDIT_PP_PVD1_Phs3_LS_REn,,0
EDIT_PP_PVD1_Phs3_LS_RT,Analog,EDIT_PP_PVD1_Phs3_LS_RT,,0
EDIT_PP_PVD1_Phs3_LS_RR,Analog,EDIT_PP_PVD1_Phs3_LS_RR,,0
EDIT_PP_PVD1_Phs3_LS_HT,Analog,EDIT_PP_PVD1_Phs3_LS_HT,,0
EDIT_PP_PVD1_Phs3_LS_HR,Analog,EDIT_PP_PVD1_Phs3_LS_HR,,0
EDIT_PP_PVD1_Phs3_Sply_StVal,Analog,EDIT_PP_PVD1_Phs3_Sply_StVal,,0
EDIT_PP_PVD1_Phs3_Sply_EnVal,Analog,EDIT_PP_PVD1_Phs3_Sply_EnVal,,0
EDIT_PP_PVD1_Phs3_Sply_REn,Discrete,EDIT_PP_PVD1_Phs3_Sply_REn,,0
EDIT_PP_PVD1_Phs3_Sply_RT,Analog,EDIT_PP_PVD1_Phs3_Sply_RT,,0
EDIT_PP_PVD1_Phs3_Sply_RR,Analog,EDIT_PP_PVD1_Phs3_Sply_RR,,0
EDIT_PP_PVD1_Phs3_Sply_HT,Analog,EDIT_PP_PVD1_Phs3_Sply_HT,,0
EDIT_PP_PVD1_Phs3_Sply_HR,Analog,EDIT_PP_PVD1_Phs3_Sply_HR,,0
EDIT_PP_PVD1_Phs3_SplyCtrl,Discrete,EDIT_PP_PVD1_Phs3_SplyCtrl,,0
EDIT_PP_PVD2_Phs1_Gas1_StVal,Analog,EDIT_PP_PVD2_Phs1_Gas1_StVal,,0
EDIT_PP_PVD2_Phs1_Gas1_EnVal,Analog,EDIT_PP_PVD2_Phs1_Gas1_EnVal,,0
EDIT_PP_PVD2_Phs1_Gas1_REn,Discrete,EDIT_PP_PVD2_Phs1_Gas1_REn,,0
EDIT_PP_PVD2_Phs1_Gas1_RT,Analog,EDIT_PP_PVD2_Phs1_Gas1_RT,,0
EDIT_PP_PVD2_Phs1_Gas1_RR,Analog,EDIT_PP_PVD2_Phs1_Gas1_RR,,0
EDIT_PP_PVD2_Phs1_Gas1_HT,Analog,EDIT_PP_PVD2_Phs1_Gas1_HT,,0
EDIT_PP_PVD2_Phs1_Gas1_HR,Analog,EDIT_PP_PVD2_Phs1_Gas1_HR,,0
EDIT_PP_PVD2_Phs1_Gas2_StVal,Analog,EDIT_PP_PVD2_Phs1_Gas2_StVal,,0
EDIT_PP_PVD2_Phs1_Gas2_EnVal,Analog,EDIT_PP_PVD2_Phs1_Gas2_EnVal,,0
EDIT_PP_PVD2_Phs1_Gas2_REn,Discrete,EDIT_PP_PVD2_Phs1_Gas2_REn,,0
EDIT_PP_PVD2_Phs1_Gas2_RT,Analog,EDIT_PP_PVD2_Phs1_Gas2_RT,,0
EDIT_PP_PVD2_Phs1_Gas2_RR,Analog,EDIT_PP_PVD2_Phs1_Gas2_RR,,0
EDIT_PP_PVD2_Phs1_Gas2_HT,Analog,EDIT_PP_PVD2_Phs1_Gas2_HT,,0
EDIT_PP_PVD2_Phs1_Gas2_HR,Analog,EDIT_PP_PVD2_Phs1_Gas2_HR,,0
EDIT_PP_PVD2_Phs1_Gas3_StVal,Analog,EDIT_PP_PVD2_Phs1_Gas3_StVal,,0
EDIT_PP_PVD2_Phs1_Gas3_EnVal,Analog,EDIT_PP_PVD2_Phs1_Gas3_EnVal,,0
EDIT_PP_PVD2_Phs1_Gas3_REn,Discrete,EDIT_PP_PVD2_Phs1_Gas3_REn,,0
EDIT_PP_PVD2_Phs1_Gas3_RT,Analog,EDIT_PP_PVD2_Phs1_Gas3_RT,,0
EDIT_PP_PVD2_Phs1_Gas3_RR,Analog,EDIT_PP_PVD2_Phs1_Gas3_RR,,0
EDIT_PP_PVD2_Phs1_Gas3_HT,Analog,EDIT_PP_PVD2_Phs1_Gas3_HT,,0
EDIT_PP_PVD2_Phs1_Gas3_HR,Analog,EDIT_PP_PVD2_Phs1_Gas3_HR,,0
EDIT_PP_PVD2_Phs1_Gas4_StVal,Analog,EDIT_PP_PVD2_Phs1_Gas4_StVal,,0
EDIT_PP_PVD2_Phs1_Gas4_EnVal,Analog,EDIT_PP_PVD2_Phs1_Gas4_EnVal,,0
EDIT_PP_PVD2_Phs1_Gas4_REn,Discrete,EDIT_PP_PVD2_Phs1_Gas4_REn,,0
EDIT_PP_PVD2_Phs1_Gas4_RT,Analog,EDIT_PP_PVD2_Phs1_Gas4_RT,,0
EDIT_PP_PVD2_Phs1_Gas4_RR,Analog,EDIT_PP_PVD2_Phs1_Gas4_RR,,0
EDIT_PP_PVD2_Phs1_Gas4_HT,Analog,EDIT_PP_PVD2_Phs1_Gas4_HT,,0
EDIT_PP_PVD2_Phs1_Gas4_HR,Analog,EDIT_PP_PVD2_Phs1_Gas4_HR,,0
EDIT_PP_PVD2_Phs1_LS_StVal,Analog,EDIT_PP_PVD2_Phs1_LS_StVal,,0
EDIT_PP_PVD2_Phs1_LS_EnVal,Analog,EDIT_PP_PVD2_Phs1_LS_EnVal,,0
EDIT_PP_PVD2_Phs1_LS_REn,Discrete,EDIT_PP_PVD2_Phs1_LS_REn,,0
EDIT_PP_PVD2_Phs1_LS_RT,Analog,EDIT_PP_PVD2_Phs1_LS_RT,,0
EDIT_PP_PVD2_Phs1_LS_RR,Analog,EDIT_PP_PVD2_Phs1_LS_RR,,0
EDIT_PP_PVD2_Phs1_LS_HT,Analog,EDIT_PP_PVD2_Phs1_LS_HT,,0
EDIT_PP_PVD2_Phs1_LS_HR,Analog,EDIT_PP_PVD2_Phs1_LS_HR,,0
EDIT_PP_PVD2_Phs1_Sply_StVal,Analog,EDIT_PP_PVD2_Phs1_Sply_StVal,,0
EDIT_PP_PVD2_Phs1_Sply_EnVal,Analog,EDIT_PP_PVD2_Phs1_Sply_EnVal,,0
EDIT_PP_PVD2_Phs1_Sply_REn,Discrete,EDIT_PP_PVD2_Phs1_Sply_REn,,0
EDIT_PP_PVD2_Phs1_Sply_RT,Analog,EDIT_PP_PVD2_Phs1_Sply_RT,,0
EDIT_PP_PVD2_Phs1_Sply_RR,Analog,EDIT_PP_PVD2_Phs1_Sply_RR,,0
EDIT_PP_PVD2_Phs1_Sply_HT,Analog,EDIT_PP_PVD2_Phs1_Sply_HT,,0
EDIT_PP_PVD2_Phs1_Sply_HR,Analog,EDIT_PP_PVD2_Phs1_Sply_HR,,0
EDIT_PP_PVD2_Phs1_SplyCtrl,Discrete,EDIT_PP_PVD2_Phs1_SplyCtrl,,0
EDIT_PP_PVD2_Phs2_Gas1_StVal,Analog,EDIT_PP_PVD2_Phs2_Gas1_StVal,,0
EDIT_PP_PVD2_Phs2_Gas1_EnVal,Analog,EDIT_PP_PVD2_Phs2_Gas1_EnVal,,0
EDIT_PP_PVD2_Phs2_Gas1_REn,Discrete,EDIT_PP_PVD2_Phs2_Gas1_REn,,0
EDIT_PP_PVD2_Phs2_Gas1_RT,Analog,EDIT_PP_PVD2_Phs2_Gas1_RT,,0
EDIT_PP_PVD2_Phs2_Gas1_RR,Analog,EDIT_PP_PVD2_Phs2_Gas1_RR,,0
EDIT_PP_PVD2_Phs2_Gas1_HT,Analog,EDIT_PP_PVD2_Phs2_Gas1_HT,,0
EDIT_PP_PVD2_Phs2_Gas1_HR,Analog,EDIT_PP_PVD2_Phs2_Gas1_HR,,0
EDIT_PP_PVD2_Phs2_Gas2_StVal,Analog,EDIT_PP_PVD2_Phs2_Gas2_StVal,,0
EDIT_PP_PVD2_Phs2_Gas2_EnVal,Analog,EDIT_PP_PVD2_Phs2_Gas2_EnVal,,0
EDIT_PP_PVD2_Phs2_Gas2_REn,Discrete,EDIT_PP_PVD2_Phs2_Gas2_REn,,0
EDIT_PP_PVD2_Phs2_Gas2_RT,Analog,EDIT_PP_PVD2_Phs2_Gas2_RT,,0
EDIT_PP_PVD2_Phs2_Gas2_RR,Analog,EDIT_PP_PVD2_Phs2_Gas2_RR,,0
EDIT_PP_PVD2_Phs2_Gas2_HT,Analog,EDIT_PP_PVD2_Phs2_Gas2_HT,,0
EDIT_PP_PVD2_Phs2_Gas2_HR,Analog,EDIT_PP_PVD2_Phs2_Gas2_HR,,0
EDIT_PP_PVD2_Phs2_Gas3_StVal,Analog,EDIT_PP_PVD2_Phs2_Gas3_StVal,,0
EDIT_PP_PVD2_Phs2_Gas3_EnVal,Analog,EDIT_PP_PVD2_Phs2_Gas3_EnVal,,0
EDIT_PP_PVD2_Phs2_Gas3_REn,Discrete,EDIT_PP_PVD2_Phs2_Gas3_REn,,0
EDIT_PP_PVD2_Phs2_Gas3_RT,Analog,EDIT_PP_PVD2_Phs2_Gas3_RT,,0
EDIT_PP_PVD2_Phs2_Gas3_RR,Analog,EDIT_PP_PVD2_Phs2_Gas3_RR,,0
EDIT_PP_PVD2_Phs2_Gas3_HT,Analog,EDIT_PP_PVD2_Phs2_Gas3_HT,,0
EDIT_PP_PVD2_Phs2_Gas3_HR,Analog,EDIT_PP_PVD2_Phs2_Gas3_HR,,0
EDIT_PP_PVD2_Phs2_Gas4_StVal,Analog,EDIT_PP_PVD2_Phs2_Gas4_StVal,,0
EDIT_PP_PVD2_Phs2_Gas4_EnVal,Analog,EDIT_PP_PVD2_Phs2_Gas4_EnVal,,0
EDIT_PP_PVD2_Phs2_Gas4_REn,Discrete,EDIT_PP_PVD2_Phs2_Gas4_REn,,0
EDIT_PP_PVD2_Phs2_Gas4_RT,Analog,EDIT_PP_PVD2_Phs2_Gas4_RT,,0
EDIT_PP_PVD2_Phs2_Gas4_RR,Analog,EDIT_PP_PVD2_Phs2_Gas4_RR,,0
EDIT_PP_PVD2_Phs2_Gas4_HT,Analog,EDIT_PP_PVD2_Phs2_Gas4_HT,,0
EDIT_PP_PVD2_Phs2_Gas4_HR,Analog,EDIT_PP_PVD2_Phs2_Gas4_HR,,0
EDIT_PP_PVD2_Phs2_LS_StVal,Analog,EDIT_PP_PVD2_Phs2_LS_StVal,,0
EDIT_PP_PVD2_Phs2_LS_EnVal,Analog,EDIT_PP_PVD2_Phs2_LS_EnVal,,0
EDIT_PP_PVD2_Phs2_LS_REn,Discrete,EDIT_PP_PVD2_Phs2_LS_REn,,0
EDIT_PP_PVD2_Phs2_LS_RT,Analog,EDIT_PP_PVD2_Phs2_LS_RT,,0
EDIT_PP_PVD2_Phs2_LS_RR,Analog,EDIT_PP_PVD2_Phs2_LS_RR,,0
EDIT_PP_PVD2_Phs2_LS_HT,Analog,EDIT_PP_PVD2_Phs2_LS_HT,,0
EDIT_PP_PVD2_Phs2_LS_HR,Analog,EDIT_PP_PVD2_Phs2_LS_HR,,0
EDIT_PP_PVD2_Phs2_Sply_StVal,Analog,EDIT_PP_PVD2_Phs2_Sply_StVal,,0
EDIT_PP_PVD2_Phs2_Sply_EnVal,Analog,EDIT_PP_PVD2_Phs2_Sply_EnVal,,0
EDIT_PP_PVD2_Phs2_Sply_REn,Discrete,EDIT_PP_PVD2_Phs2_Sply_REn,,0
EDIT_PP_PVD2_Phs2_Sply_RT,Analog,EDIT_PP_PVD2_Phs2_Sply_RT,,0
EDIT_PP_PVD2_Phs2_Sply_RR,Analog,EDIT_PP_PVD2_Phs2_Sply_RR,,0
EDIT_PP_PVD2_Phs2_Sply_HT,Analog,EDIT_PP_PVD2_Phs2_Sply_HT,,0
EDIT_PP_PVD2_Phs2_Sply_HR,Analog,EDIT_PP_PVD2_Phs2_Sply_HR,,0
EDIT_PP_PVD2_Phs2_SplyCtrl,Discrete,EDIT_PP_PVD2_Phs2_SplyCtrl,,0
EDIT_PP_PVD2_Phs3_Gas1_StVal,Analog,EDIT_PP_PVD2_Phs3_Gas1_StVal,,0
EDIT_PP_PVD2_Phs3_Gas1_EnVal,Analog,EDIT_PP_PVD2_Phs3_Gas1_EnVal,,0
EDIT_PP_PVD2_Phs3_Gas1_REn,Discrete,EDIT_PP_PVD2_Phs3_Gas1_REn,,0
EDIT_PP_PVD2_Phs3_Gas1_RT,Analog,EDIT_PP_PVD2_Phs3_Gas1_RT,,0
EDIT_PP_PVD2_Phs3_Gas1_RR,Analog,EDIT_PP_PVD2_Phs3_Gas1_RR,,0
EDIT_PP_PVD2_Phs3_Gas1_HT,Analog,EDIT_PP_PVD2_Phs3_Gas1_HT,,0
EDIT_PP_PVD2_Phs3_Gas1_HR,Analog,EDIT_PP_PVD2_Phs3_Gas1_HR,,0
EDIT_PP_PVD2_Phs3_Gas2_StVal,Analog,EDIT_PP_PVD2_Phs3_Gas2_StVal,,0
EDIT_PP_PVD2_Phs3_Gas2_EnVal,Analog,EDIT_PP_PVD2_Phs3_Gas2_EnVal,,0
EDIT_PP_PVD2_Phs3_Gas2_REn,Discrete,EDIT_PP_PVD2_Phs3_Gas2_REn,,0
EDIT_PP_PVD2_Phs3_Gas2_RT,Analog,EDIT_PP_PVD2_Phs3_Gas2_RT,,0
EDIT_PP_PVD2_Phs3_Gas2_RR,Analog,EDIT_PP_PVD2_Phs3_Gas2_RR,,0
EDIT_PP_PVD2_Phs3_Gas2_HT,Analog,EDIT_PP_PVD2_Phs3_Gas2_HT,,0
EDIT_PP_PVD2_Phs3_Gas2_HR,Analog,EDIT_PP_PVD2_Phs3_Gas2_HR,,0
EDIT_PP_PVD2_Phs3_Gas3_StVal,Analog,EDIT_PP_PVD2_Phs3_Gas3_StVal,,0
EDIT_PP_PVD2_Phs3_Gas3_EnVal,Analog,EDIT_PP_PVD2_Phs3_Gas3_EnVal,,0
EDIT_PP_PVD2_Phs3_Gas3_REn,Discrete,EDIT_PP_PVD2_Phs3_Gas3_REn,,0
EDIT_PP_PVD2_Phs3_Gas3_RT,Analog,EDIT_PP_PVD2_Phs3_Gas3_RT,,0
EDIT_PP_PVD2_Phs3_Gas3_RR,Analog,EDIT_PP_PVD2_Phs3_Gas3_RR,,0
EDIT_PP_PVD2_Phs3_Gas3_HT,Analog,EDIT_PP_PVD2_Phs3_Gas3_HT,,0
EDIT_PP_PVD2_Phs3_Gas3_HR,Analog,EDIT_PP_PVD2_Phs3_Gas3_HR,,0
EDIT_PP_PVD2_Phs3_Gas4_StVal,Analog,EDIT_PP_PVD2_Phs3_Gas4_StVal,,0
EDIT_PP_PVD2_Phs3_Gas4_EnVal,Analog,EDIT_PP_PVD2_Phs3_Gas4_EnVal,,0
EDIT_PP_PVD2_Phs3_Gas4_REn,Discrete,EDIT_PP_PVD2_Phs3_Gas4_REn,,0
EDIT_PP_PVD2_Phs3_Gas4_RT,Analog,EDIT_PP_PVD2_Phs3_Gas4_RT,,0
EDIT_PP_PVD2_Phs3_Gas4_RR,Analog,EDIT_PP_PVD2_Phs3_Gas4_RR,,0
EDIT_PP_PVD2_Phs3_Gas4_HT,Analog,EDIT_PP_PVD2_Phs3_Gas4_HT,,0
EDIT_PP_PVD2_Phs3_Gas4_HR,Analog,EDIT_PP_PVD2_Phs3_Gas4_HR,,0
EDIT_PP_PVD2_Phs3_LS_StVal,Analog,EDIT_PP_PVD2_Phs3_LS_StVal,,0
EDIT_PP_PVD2_Phs3_LS_EnVal,Analog,EDIT_PP_PVD2_Phs3_LS_EnVal,,0
EDIT_PP_PVD2_Phs3_LS_REn,Discrete,EDIT_PP_PVD2_Phs3_LS_REn,,0
EDIT_PP_PVD2_Phs3_LS_RT,Analog,EDIT_PP_PVD2_Phs3_LS_RT,,0
EDIT_PP_PVD2_Phs3_LS_RR,Analog,EDIT_PP_PVD2_Phs3_LS_RR,,0
EDIT_PP_PVD2_Phs3_LS_HT,Analog,EDIT_PP_PVD2_Phs3_LS_HT,,0
EDIT_PP_PVD2_Phs3_LS_HR,Analog,EDIT_PP_PVD2_Phs3_LS_HR,,0
EDIT_PP_PVD2_Phs3_Sply_StVal,Analog,EDIT_PP_PVD2_Phs3_Sply_StVal,,0
EDIT_PP_PVD2_Phs3_Sply_EnVal,Analog,EDIT_PP_PVD2_Phs3_Sply_EnVal,,0
EDIT_PP_PVD2_Phs3_Sply_REn,Discrete,EDIT_PP_PVD2_Phs3_Sply_REn,,0
EDIT_PP_PVD2_Phs3_Sply_RT,Analog,EDIT_PP_PVD2_Phs3_Sply_RT,,0
EDIT_PP_PVD2_Phs3_Sply_RR,Analog,EDIT_PP_PVD2_Phs3_Sply_RR,,0
EDIT_PP_PVD2_Phs3_Sply_HT,Analog,EDIT_PP_PVD2_Phs3_Sply_HT,,0
EDIT_PP_PVD2_Phs3_Sply_HR,Analog,EDIT_PP_PVD2_Phs3_Sply_HR,,0
EDIT_PP_PVD2_Phs3_SplyCtrl,Discrete,EDIT_PP_PVD2_Phs3_SplyCtrl,,0
EDIT_PP_PVD3_Phs1_Gas1_StVal,Analog,EDIT_PP_PVD3_Phs1_Gas1_StVal,,0
EDIT_PP_PVD3_Phs1_Gas1_EnVal,Analog,EDIT_PP_PVD3_Phs1_Gas1_EnVal,,0
EDIT_PP_PVD3_Phs1_Gas1_REn,Discrete,EDIT_PP_PVD3_Phs1_Gas1_REn,,0
EDIT_PP_PVD3_Phs1_Gas1_RT,Analog,EDIT_PP_PVD3_Phs1_Gas1_RT,,0
EDIT_PP_PVD3_Phs1_Gas1_RR,Analog,EDIT_PP_PVD3_Phs1_Gas1_RR,,0
EDIT_PP_PVD3_Phs1_Gas1_HT,Analog,EDIT_PP_PVD3_Phs1_Gas1_HT,,0
EDIT_PP_PVD3_Phs1_Gas1_HR,Analog,EDIT_PP_PVD3_Phs1_Gas1_HR,,0
EDIT_PP_PVD3_Phs1_Gas2_StVal,Analog,EDIT_PP_PVD3_Phs1_Gas2_StVal,,0
EDIT_PP_PVD3_Phs1_Gas2_EnVal,Analog,EDIT_PP_PVD3_Phs1_Gas2_EnVal,,0
EDIT_PP_PVD3_Phs1_Gas2_REn,Discrete,EDIT_PP_PVD3_Phs1_Gas2_REn,,0
EDIT_PP_PVD3_Phs1_Gas2_RT,Analog,EDIT_PP_PVD3_Phs1_Gas2_RT,,0
EDIT_PP_PVD3_Phs1_Gas2_RR,Analog,EDIT_PP_PVD3_Phs1_Gas2_RR,,0
EDIT_PP_PVD3_Phs1_Gas2_HT,Analog,EDIT_PP_PVD3_Phs1_Gas2_HT,,0
EDIT_PP_PVD3_Phs1_Gas2_HR,Analog,EDIT_PP_PVD3_Phs1_Gas2_HR,,0
EDIT_PP_PVD3_Phs1_Gas3_StVal,Analog,EDIT_PP_PVD3_Phs1_Gas3_StVal,,0
EDIT_PP_PVD3_Phs1_Gas3_EnVal,Analog,EDIT_PP_PVD3_Phs1_Gas3_EnVal,,0
EDIT_PP_PVD3_Phs1_Gas3_REn,Discrete,EDIT_PP_PVD3_Phs1_Gas3_REn,,0
EDIT_PP_PVD3_Phs1_Gas3_RT,Analog,EDIT_PP_PVD3_Phs1_Gas3_RT,,0
EDIT_PP_PVD3_Phs1_Gas3_RR,Analog,EDIT_PP_PVD3_Phs1_Gas3_RR,,0
EDIT_PP_PVD3_Phs1_Gas3_HT,Analog,EDIT_PP_PVD3_Phs1_Gas3_HT,,0
EDIT_PP_PVD3_Phs1_Gas3_HR,Analog,EDIT_PP_PVD3_Phs1_Gas3_HR,,0
EDIT_PP_PVD3_Phs1_Gas4_StVal,Analog,EDIT_PP_PVD3_Phs1_Gas4_StVal,,0
EDIT_PP_PVD3_Phs1_Gas4_EnVal,Analog,EDIT_PP_PVD3_Phs1_Gas4_EnVal,,0
EDIT_PP_PVD3_Phs1_Gas4_REn,Discrete,EDIT_PP_PVD3_Phs1_Gas4_REn,,0
EDIT_PP_PVD3_Phs1_Gas4_RT,Analog,EDIT_PP_PVD3_Phs1_Gas4_RT,,0
EDIT_PP_PVD3_Phs1_Gas4_RR,Analog,EDIT_PP_PVD3_Phs1_Gas4_RR,,0
EDIT_PP_PVD3_Phs1_Gas4_HT,Analog,EDIT_PP_PVD3_Phs1_Gas4_HT,,0
EDIT_PP_PVD3_Phs1_Gas4_HR,Analog,EDIT_PP_PVD3_Phs1_Gas4_HR,,0
EDIT_PP_PVD3_Phs1_LS_StVal,Analog,EDIT_PP_PVD3_Phs1_LS_StVal,,0
EDIT_PP_PVD3_Phs1_LS_EnVal,Analog,EDIT_PP_PVD3_Phs1_LS_EnVal,,0
EDIT_PP_PVD3_Phs1_LS_REn,Discrete,EDIT_PP_PVD3_Phs1_LS_REn,,0
EDIT_PP_PVD3_Phs1_LS_RT,Analog,EDIT_PP_PVD3_Phs1_LS_RT,,0
EDIT_PP_PVD3_Phs1_LS_RR,Analog,EDIT_PP_PVD3_Phs1_LS_RR,,0
EDIT_PP_PVD3_Phs1_LS_HT,Analog,EDIT_PP_PVD3_Phs1_LS_HT,,0
EDIT_PP_PVD3_Phs1_LS_HR,Analog,EDIT_PP_PVD3_Phs1_LS_HR,,0
EDIT_PP_PVD3_Phs1_Sply_StVal,Analog,EDIT_PP_PVD3_Phs1_Sply_StVal,,0
EDIT_PP_PVD3_Phs1_Sply_EnVal,Analog,EDIT_PP_PVD3_Phs1_Sply_EnVal,,0
EDIT_PP_PVD3_Phs1_Sply_REn,Discrete,EDIT_PP_PVD3_Phs1_Sply_REn,,0
EDIT_PP_PVD3_Phs1_Sply_RT,Analog,EDIT_PP_PVD3_Phs1_Sply_RT,,0
EDIT_PP_PVD3_Phs1_Sply_RR,Analog,EDIT_PP_PVD3_Phs1_Sply_RR,,0
EDIT_PP_PVD3_Phs1_Sply_HT,Analog,EDIT_PP_PVD3_Phs1_Sply_HT,,0
EDIT_PP_PVD3_Phs1_Sply_HR,Analog,EDIT_PP_PVD3_Phs1_Sply_HR,,0
EDIT_PP_PVD3_Phs1_SplyCtrl,Discrete,EDIT_PP_PVD3_Phs1_SplyCtrl,,0
EDIT_PP_PVD3_Phs2_Gas1_StVal,Analog,EDIT_PP_PVD3_Phs2_Gas1_StVal,,0
EDIT_PP_PVD3_Phs2_Gas1_EnVal,Analog,EDIT_PP_PVD3_Phs2_Gas1_EnVal,,0
EDIT_PP_PVD3_Phs2_Gas1_REn,Discrete,EDIT_PP_PVD3_Phs2_Gas1_REn,,0
EDIT_PP_PVD3_Phs2_Gas1_RT,Analog,EDIT_PP_PVD3_Phs2_Gas1_RT,,0
EDIT_PP_PVD3_Phs2_Gas1_RR,Analog,EDIT_PP_PVD3_Phs2_Gas1_RR,,0
EDIT_PP_PVD3_Phs2_Gas1_HT,Analog,EDIT_PP_PVD3_Phs2_Gas1_HT,,0
EDIT_PP_PVD3_Phs2_Gas1_HR,Analog,EDIT_PP_PVD3_Phs2_Gas1_HR,,0
EDIT_PP_PVD3_Phs2_Gas2_StVal,Analog,EDIT_PP_PVD3_Phs2_Gas2_StVal,,0
EDIT_PP_PVD3_Phs2_Gas2_EnVal,Analog,EDIT_PP_PVD3_Phs2_Gas2_EnVal,,0
EDIT_PP_PVD3_Phs2_Gas2_REn,Discrete,EDIT_PP_PVD3_Phs2_Gas2_REn,,0
EDIT_PP_PVD3_Phs2_Gas2_RT,Analog,EDIT_PP_PVD3_Phs2_Gas2_RT,,0
EDIT_PP_PVD3_Phs2_Gas2_RR,Analog,EDIT_PP_PVD3_Phs2_Gas2_RR,,0
EDIT_PP_PVD3_Phs2_Gas2_HT,Analog,EDIT_PP_PVD3_Phs2_Gas2_HT,,0
EDIT_PP_PVD3_Phs2_Gas2_HR,Analog,EDIT_PP_PVD3_Phs2_Gas2_HR,,0
EDIT_PP_PVD3_Phs2_Gas3_StVal,Analog,EDIT_PP_PVD3_Phs2_Gas3_StVal,,0
EDIT_PP_PVD3_Phs2_Gas3_EnVal,Analog,EDIT_PP_PVD3_Phs2_Gas3_EnVal,,0
EDIT_PP_PVD3_Phs2_Gas3_REn,Discrete,EDIT_PP_PVD3_Phs2_Gas3_REn,,0
EDIT_PP_PVD3_Phs2_Gas3_RT,Analog,EDIT_PP_PVD3_Phs2_Gas3_RT,,0
EDIT_PP_PVD3_Phs2_Gas3_RR,Analog,EDIT_PP_PVD3_Phs2_Gas3_RR,,0
EDIT_PP_PVD3_Phs2_Gas3_HT,Analog,EDIT_PP_PVD3_Phs2_Gas3_HT,,0
EDIT_PP_PVD3_Phs2_Gas3_HR,Analog,EDIT_PP_PVD3_Phs2_Gas3_HR,,0
EDIT_PP_PVD3_Phs2_Gas4_StVal,Analog,EDIT_PP_PVD3_Phs2_Gas4_StVal,,0
EDIT_PP_PVD3_Phs2_Gas4_EnVal,Analog,EDIT_PP_PVD3_Phs2_Gas4_EnVal,,0
EDIT_PP_PVD3_Phs2_Gas4_REn,Discrete,EDIT_PP_PVD3_Phs2_Gas4_REn,,0
EDIT_PP_PVD3_Phs2_Gas4_RT,Analog,EDIT_PP_PVD3_Phs2_Gas4_RT,,0
EDIT_PP_PVD3_Phs2_Gas4_RR,Analog,EDIT_PP_PVD3_Phs2_Gas4_RR,,0
EDIT_PP_PVD3_Phs2_Gas4_HT,Analog,EDIT_PP_PVD3_Phs2_Gas4_HT,,0
EDIT_PP_PVD3_Phs2_Gas4_HR,Analog,EDIT_PP_PVD3_Phs2_Gas4_HR,,0
EDIT_PP_PVD3_Phs2_LS_StVal,Analog,EDIT_PP_PVD3_Phs2_LS_StVal,,0
EDIT_PP_PVD3_Phs2_LS_EnVal,Analog,EDIT_PP_PVD3_Phs2_LS_EnVal,,0
EDIT_PP_PVD3_Phs2_LS_REn,Discrete,EDIT_PP_PVD3_Phs2_LS_REn,,0
EDIT_PP_PVD3_Phs2_LS_RT,Analog,EDIT_PP_PVD3_Phs2_LS_RT,,0
EDIT_PP_PVD3_Phs2_LS_RR,Analog,EDIT_PP_PVD3_Phs2_LS_RR,,0
EDIT_PP_PVD3_Phs2_LS_HT,Analog,EDIT_PP_PVD3_Phs2_LS_HT,,0
EDIT_PP_PVD3_Phs2_LS_HR,Analog,EDIT_PP_PVD3_Phs2_LS_HR,,0
EDIT_PP_PVD3_Phs2_Sply_StVal,Analog,EDIT_PP_PVD3_Phs2_Sply_StVal,,0
EDIT_PP_PVD3_Phs2_Sply_EnVal,Analog,EDIT_PP_PVD3_Phs2_Sply_EnVal,,0
EDIT_PP_PVD3_Phs2_Sply_REn,Discrete,EDIT_PP_PVD3_Phs2_Sply_REn,,0
EDIT_PP_PVD3_Phs2_Sply_RT,Analog,EDIT_PP_PVD3_Phs2_Sply_RT,,0
EDIT_PP_PVD3_Phs2_Sply_RR,Analog,EDIT_PP_PVD3_Phs2_Sply_RR,,0
EDIT_PP_PVD3_Phs2_Sply_HT,Analog,EDIT_PP_PVD3_Phs2_Sply_HT,,0
EDIT_PP_PVD3_Phs2_Sply_HR,Analog,EDIT_PP_PVD3_Phs2_Sply_HR,,0
EDIT_PP_PVD3_Phs2_SplyCtrl,Discrete,EDIT_PP_PVD3_Phs2_SplyCtrl,,0
EDIT_PP_PVD3_Phs3_Gas1_StVal,Analog,EDIT_PP_PVD3_Phs3_Gas1_StVal,,0
EDIT_PP_PVD3_Phs3_Gas1_EnVal,Analog,EDIT_PP_PVD3_Phs3_Gas1_EnVal,,0
EDIT_PP_PVD3_Phs3_Gas1_REn,Discrete,EDIT_PP_PVD3_Phs3_Gas1_REn,,0
EDIT_PP_PVD3_Phs3_Gas1_RT,Analog,EDIT_PP_PVD3_Phs3_Gas1_RT,,0
EDIT_PP_PVD3_Phs3_Gas1_RR,Analog,EDIT_PP_PVD3_Phs3_Gas1_RR,,0
EDIT_PP_PVD3_Phs3_Gas1_HT,Analog,EDIT_PP_PVD3_Phs3_Gas1_HT,,0
EDIT_PP_PVD3_Phs3_Gas1_HR,Analog,EDIT_PP_PVD3_Phs3_Gas1_HR,,0
EDIT_PP_PVD3_Phs3_Gas2_StVal,Analog,EDIT_PP_PVD3_Phs3_Gas2_StVal,,0
EDIT_PP_PVD3_Phs3_Gas2_EnVal,Analog,EDIT_PP_PVD3_Phs3_Gas2_EnVal,,0
EDIT_PP_PVD3_Phs3_Gas2_REn,Discrete,EDIT_PP_PVD3_Phs3_Gas2_REn,,0
EDIT_PP_PVD3_Phs3_Gas2_RT,Analog,EDIT_PP_PVD3_Phs3_Gas2_RT,,0
EDIT_PP_PVD3_Phs3_Gas2_RR,Analog,EDIT_PP_PVD3_Phs3_Gas2_RR,,0
EDIT_PP_PVD3_Phs3_Gas2_HT,Analog,EDIT_PP_PVD3_Phs3_Gas2_HT,,0
EDIT_PP_PVD3_Phs3_Gas2_HR,Analog,EDIT_PP_PVD3_Phs3_Gas2_HR,,0
EDIT_PP_PVD3_Phs3_Gas3_StVal,Analog,EDIT_PP_PVD3_Phs3_Gas3_StVal,,0
EDIT_PP_PVD3_Phs3_Gas3_EnVal,Analog,EDIT_PP_PVD3_Phs3_Gas3_EnVal,,0
EDIT_PP_PVD3_Phs3_Gas3_REn,Discrete,EDIT_PP_PVD3_Phs3_Gas3_REn,,0
EDIT_PP_PVD3_Phs3_Gas3_RT,Analog,EDIT_PP_PVD3_Phs3_Gas3_RT,,0
EDIT_PP_PVD3_Phs3_Gas3_RR,Analog,EDIT_PP_PVD3_Phs3_Gas3_RR,,0
EDIT_PP_PVD3_Phs3_Gas3_HT,Analog,EDIT_PP_PVD3_Phs3_Gas3_HT,,0
EDIT_PP_PVD3_Phs3_Gas3_HR,Analog,EDIT_PP_PVD3_Phs3_Gas3_HR,,0
EDIT_PP_PVD3_Phs3_Gas4_StVal,Analog,EDIT_PP_PVD3_Phs3_Gas4_StVal,,0
EDIT_PP_PVD3_Phs3_Gas4_EnVal,Analog,EDIT_PP_PVD3_Phs3_Gas4_EnVal,,0
EDIT_PP_PVD3_Phs3_Gas4_REn,Discrete,EDIT_PP_PVD3_Phs3_Gas4_REn,,0
EDIT_PP_PVD3_Phs3_Gas4_RT,Analog,EDIT_PP_PVD3_Phs3_Gas4_RT,,0
EDIT_PP_PVD3_Phs3_Gas4_RR,Analog,EDIT_PP_PVD3_Phs3_Gas4_RR,,0
EDIT_PP_PVD3_Phs3_Gas4_HT,Analog,EDIT_PP_PVD3_Phs3_Gas4_HT,,0
EDIT_PP_PVD3_Phs3_Gas4_HR,Analog,EDIT_PP_PVD3_Phs3_Gas4_HR,,0
EDIT_PP_PVD3_Phs3_LS_StVal,Analog,EDIT_PP_PVD3_Phs3_LS_StVal,,0
EDIT_PP_PVD3_Phs3_LS_EnVal,Analog,EDIT_PP_PVD3_Phs3_LS_EnVal,,0
EDIT_PP_PVD3_Phs3_LS_REn,Discrete,EDIT_PP_PVD3_Phs3_LS_REn,,0
EDIT_PP_PVD3_Phs3_LS_RT,Analog,EDIT_PP_PVD3_Phs3_LS_RT,,0
EDIT_PP_PVD3_Phs3_LS_RR,Analog,EDIT_PP_PVD3_Phs3_LS_RR,,0
EDIT_PP_PVD3_Phs3_LS_HT,Analog,EDIT_PP_PVD3_Phs3_LS_HT,,0
EDIT_PP_PVD3_Phs3_LS_HR,Analog,EDIT_PP_PVD3_Phs3_LS_HR,,0
EDIT_PP_PVD3_Phs3_Sply_StVal,Analog,EDIT_PP_PVD3_Phs3_Sply_StVal,,0
EDIT_PP_PVD3_Phs3_Sply_EnVal,Analog,EDIT_PP_PVD3_Phs3_Sply_EnVal,,0
EDIT_PP_PVD3_Phs3_Sply_REn,Discrete,EDIT_PP_PVD3_Phs3_Sply_REn,,0
EDIT_PP_PVD3_Phs3_Sply_RT,Analog,EDIT_PP_PVD3_Phs3_Sply_RT,,0
EDIT_PP_PVD3_Phs3_Sply_RR,Analog,EDIT_PP_PVD3_Phs3_Sply_RR,,0
EDIT_PP_PVD3_Phs3_Sply_HT,Analog,EDIT_PP_PVD3_Phs3_Sply_HT,,0
EDIT_PP_PVD3_Phs3_Sply_HR,Analog,EDIT_PP_PVD3_Phs3_Sply_HR,,0
EDIT_PP_PVD3_Phs3_SplyCtrl,Discrete,EDIT_PP_PVD3_Phs3_SplyCtrl,,0
EDIT_POST_PhsHT,Analog,EDIT_POST_PhsHT,,0
EDIT_POST_OMS_IntSpecScan,Analog,EDIT_POST_OMS_IntSpecScan,,0
EDIT_PP_ProcessContinue,Discrete,EDIT_PP_ProcessContinue,,0
EDIT_PRE_ShutterPosition,Analog,EDIT_PRE_ShutterPosition,,0
EDIT_PP_ShutterPosition,Analog,EDIT_PP_ShutterPosition,,0
EDIT_POST_ShutterPosition,Analog,EDIT_POST_ShutterPosition,,0
EDIT_PRE_ShutterCtrlMode,Analog,EDIT_PRE_ShutterCtrlMode,,1
EDIT_POST_MDrvPrSl,Analog,EDIT_POST_MDrvPrSl,,1
EDIT_PRE_PVD1_PowerAdaptRecipe,Message,EDIT_PRE_PVD1_PowerAdaptRecipe,,---
EDIT_PRE_PVD1_PowerAdaptEnb,Analog,EDIT_PRE_PVD1_PowerAdaptEnb,,1
EDIT_PRE_PVD2_PowerAdaptRecipe,Message,EDIT_PRE_PVD2_PowerAdaptRecipe,,---
EDIT_PRE_PVD2_PowerAdaptEnb,Analog,EDIT_PRE_PVD2_PowerAdaptEnb,,1
EDIT_PRE_PVD3_PowerAdaptRecipe,Message,EDIT_PRE_PVD3_PowerAdaptRecipe,,---
EDIT_PRE_PVD3_PowerAdaptEnb,Analog,EDIT_PRE_PVD3_PowerAdaptEnb,,1
EDIT_PRE_PVD1_SplyPulseFreq,Analog,EDIT_PRE_PVD1_SplyPulseFreq,,0
EDIT_PRE_PVD1_SplyRevTime,Analog,EDIT_PRE_PVD1_SplyRevTime,,0
EDIT_PRE_PVD2_SplyPulseFreq,Analog,EDIT_PRE_PVD2_SplyPulseFreq,,0
EDIT_PRE_PVD2_SplyRevTime,Analog,EDIT_PRE_PVD2_SplyRevTime,,0
EDIT_PRE_PVD3_SplyPulseFreq,Analog,EDIT_PRE_PVD3_SplyPulseFreq,,0
EDIT_PRE_PVD3_SplyRevTime,Analog,EDIT_PRE_PVD3_SplyRevTime,,0
EDIT_PRE_PVD1_PSPulseOffTime,Analog,EDIT_PRE_PVD1_PSPulseOffTime,,0
EDIT_PRE_PVD1_PSPulseDutyCycle,Analog,EDIT_PRE_PVD1_PSPulseDutyCycle,,0
EDIT_PRE_PVD1_PSPulseFwdDutyCycle,Analog,EDIT_PRE_PVD1_PSPulseFwdDutyCycle,,0
EDIT_PRE_PVD1_PSTargetPreselection,Analog,EDIT_PRE_PVD1_PSTargetPreselection,,1
EDIT_PRE_PVD2_PSPulseOffTime,Analog,EDIT_PRE_PVD2_PSPulseOffTime,,0
EDIT_PRE_PVD2_PSPulseDutyCycle,Analog,EDIT_PRE_PVD2_PSPulseDutyCycle,,0
EDIT_PRE_PVD2_PSPulseFwdDutyCycle,Analog,EDIT_PRE_PVD2_PSPulseFwdDutyCycle,,0
EDIT_PRE_PVD2_PSTargetPreselection,Analog,EDIT_PRE_PVD2_PSTargetPreselection,,1
EDIT_PRE_PVD3_PSPulseOffTime,Analog,EDIT_PRE_PVD3_PSPulseOffTime,,0
EDIT_PRE_PVD3_PSPulseDutyCycle,Analog,EDIT_PRE_PVD3_PSPulseDutyCycle,,0
EDIT_PRE_PVD3_PSPulseFwdDutyCycle,Analog,EDIT_PRE_PVD3_PSPulseFwdDutyCycle,,0
EDIT_PRE_PVD3_PSTargetPreselection,Analog,EDIT_PRE_PVD3_PSTargetPreselection,,1
EDIT_PRE_PVD1_PS2PwrMatching,Analog,EDIT_PRE_PVD1_PS2PwrMatching,,100
EDIT_PRE_PVD2_PS2PwrMatching,Analog,EDIT_PRE_PVD2_PS2PwrMatching,,100
EDIT_PRE_PVD3_PS2PwrMatching,Analog,EDIT_PRE_PVD3_PS2PwrMatching,,100
